==================================================================
Echo of software versions used
------------------------------------------------------------------
 vary_settings home directory  /mnt/831eaeed-366e-4227-8611-577411edb9ca/Dries/backup/APS-what-if/
 dated: 2025-07-20 17:04       module name: emulator_GUI.py
 dated: 2025-07-21 17:23       module name: emulator_core.py
 dated: 2025-07-18 15:36       module name: determine_basal.py
------------------------------------------------------------------
Echo of execution parameters used
------------------------------------------------------------------
Logfile(s) to scan    /mnt/831eaeed-366e-4227-8611-577411edb9ca/Dries/backup/APS-what-if/software/aapsLogs/*.zip
Output options        All/-pred/-flowchart/LIST
Decimal symbol        ,
Start of time window  2000-01-01T00:00:00Z
End of time window    2099-12-31T23:59:59Z
==================================================================

========== Echo of what-if definitions actioned for variant Demo_Sports_Adaptations
========== created on Sun, 11 Jan 2026 15:17:34 +0100
========== for loop events found in logfile /mnt/831eaeed-366e-4227-8611-577411edb9ca/Dries/backup/APS-what-if/software/aapsLogs/AndroidAPS._2025-12-28_00.log.zip

loop execution in row=297 of logfile /mnt/831eaeed-366e-4227-8611-577411edb9ca/Dries/backup/APS-what-if/software/aapsLogs/AndroidAPS._2025-12-28_00.log.zip at= 2025-12-27T23:00:30.772Z
edited old value of True in profile with enable_autoISF=False
edited old value of 0.6 in profile with smb_delivery_ratio=0.5
edited old value of 81.0 in profile with min_bg=101
edited old value of 99.0 in profile with max_bg=101
#rofile is an unrecognised array/json/keywordnot actioned: [#rofile], [target_bg], [int((profile['min_bg'] + profile['max_bg'])/2]
appended new entry to profile with tempTargetset=True
edited old value of False in profile with temptargetSet=True
edited old value of True in profile with allowSMB_with_high_temptarget=False

loop execution in row=481 of logfile /mnt/831eaeed-366e-4227-8611-577411edb9ca/Dries/backup/APS-what-if/software/aapsLogs/AndroidAPS._2025-12-28_00.log.zip at= 2025-12-27T23:01:36.714Z
edited old value of True in profile with enable_autoISF=False
edited old value of 0.6 in profile with smb_delivery_ratio=0.5
edited old value of 81.0 in profile with min_bg=101
edited old value of 99.0 in profile with max_bg=101
#rofile is an unrecognised array/json/keywordnot actioned: [#rofile], [target_bg], [int((profile['min_bg'] + profile['max_bg'])/2]
appended new entry to profile with tempTargetset=True
edited old value of False in profile with temptargetSet=True
edited old value of True in profile with allowSMB_with_high_temptarget=False

loop execution in row=1489 of logfile /mnt/831eaeed-366e-4227-8611-577411edb9ca/Dries/backup/APS-what-if/software/aapsLogs/AndroidAPS._2025-12-28_00.log.zip at= 2025-12-27T23:02:33.354Z
edited old value of True in profile with enable_autoISF=False
edited old value of 0.6 in profile with smb_delivery_ratio=0.5
edited old value of 81.0 in profile with min_bg=101
edited old value of 99.0 in profile with max_bg=101
#rofile is an unrecognised array/json/keywordnot actioned: [#rofile], [target_bg], [int((profile['min_bg'] + profile['max_bg'])/2]
appended new entry to profile with tempTargetset=True
edited old value of False in profile with temptargetSet=True
edited old value of True in profile with allowSMB_with_high_temptarget=False

loop execution in row=1952 of logfile /mnt/831eaeed-366e-4227-8611-577411edb9ca/Dries/backup/APS-what-if/software/aapsLogs/AndroidAPS._2025-12-28_00.log.zip at= 2025-12-27T23:03:31.564Z
edited old value of True in profile with enable_autoISF=False
edited old value of 0.6 in profile with smb_delivery_ratio=0.5
edited old value of 81.0 in profile with min_bg=101
edited old value of 99.0 in profile with max_bg=101
#rofile is an unrecognised array/json/keywordnot actioned: [#rofile], [target_bg], [int((profile['min_bg'] + profile['max_bg'])/2]
appended new entry to profile with tempTargetset=True
edited old value of False in profile with temptargetSet=True
edited old value of True in profile with allowSMB_with_high_temptarget=False

loop execution in row=2275 of logfile /mnt/831eaeed-366e-4227-8611-577411edb9ca/Dries/backup/APS-what-if/software/aapsLogs/AndroidAPS._2025-12-28_00.log.zip at= 2025-12-27T23:04:32.180Z
edited old value of True in profile with enable_autoISF=False
edited old value of 0.6 in profile with smb_delivery_ratio=0.5
edited old value of 81.0 in profile with min_bg=101
edited old value of 99.0 in profile with max_bg=101
#rofile is an unrecognised array/json/keywordnot actioned: [#rofile], [target_bg], [int((profile['min_bg'] + profile['max_bg'])/2]
appended new entry to profile with tempTargetset=True
edited old value of False in profile with temptargetSet=True
edited old value of True in profile with allowSMB_with_high_temptarget=False

loop execution in row=2618 of logfile /mnt/831eaeed-366e-4227-8611-577411edb9ca/Dries/backup/APS-what-if/software/aapsLogs/AndroidAPS._2025-12-28_00.log.zip at= 2025-12-27T23:05:33.116Z
edited old value of True in profile with enable_autoISF=False
edited old value of 0.6 in profile with smb_delivery_ratio=0.5
edited old value of 81.0 in profile with min_bg=101
edited old value of 99.0 in profile with max_bg=101
#rofile is an unrecognised array/json/keywordnot actioned: [#rofile], [target_bg], [int((profile['min_bg'] + profile['max_bg'])/2]
appended new entry to profile with tempTargetset=True
edited old value of False in profile with temptargetSet=True
edited old value of True in profile with allowSMB_with_high_temptarget=False

loop execution in row=2825 of logfile /mnt/831eaeed-366e-4227-8611-577411edb9ca/Dries/backup/APS-what-if/software/aapsLogs/AndroidAPS._2025-12-28_00.log.zip at= 2025-12-27T23:06:30.938Z
edited old value of True in profile with enable_autoISF=False
edited old value of 0.6 in profile with smb_delivery_ratio=0.5
edited old value of 81.0 in profile with min_bg=101
edited old value of 99.0 in profile with max_bg=101
#rofile is an unrecognised array/json/keywordnot actioned: [#rofile], [target_bg], [int((profile['min_bg'] + profile['max_bg'])/2]
appended new entry to profile with tempTargetset=True
edited old value of False in profile with temptargetSet=True
edited old value of True in profile with allowSMB_with_high_temptarget=False

loop execution in row=3020 of logfile /mnt/831eaeed-366e-4227-8611-577411edb9ca/Dries/backup/APS-what-if/software/aapsLogs/AndroidAPS._2025-12-28_00.log.zip at= 2025-12-27T23:07:32.229Z
edited old value of True in profile with enable_autoISF=False
edited old value of 0.6 in profile with smb_delivery_ratio=0.5
edited old value of 81.0 in profile with min_bg=101
edited old value of 99.0 in profile with max_bg=101
#rofile is an unrecognised array/json/keywordnot actioned: [#rofile], [target_bg], [int((profile['min_bg'] + profile['max_bg'])/2]
appended new entry to profile with tempTargetset=True
edited old value of False in profile with temptargetSet=True
edited old value of True in profile with allowSMB_with_high_temptarget=False

loop execution in row=3207 of logfile /mnt/831eaeed-366e-4227-8611-577411edb9ca/Dries/backup/APS-what-if/software/aapsLogs/AndroidAPS._2025-12-28_00.log.zip at= 2025-12-27T23:08:32.277Z
edited old value of True in profile with enable_autoISF=False
edited old value of 0.6 in profile with smb_delivery_ratio=0.5
edited old value of 81.0 in profile with min_bg=101
edited old value of 99.0 in profile with max_bg=101
#rofile is an unrecognised array/json/keywordnot actioned: [#rofile], [target_bg], [int((profile['min_bg'] + profile['max_bg'])/2]
appended new entry to profile with tempTargetset=True
edited old value of False in profile with temptargetSet=True
edited old value of True in profile with allowSMB_with_high_temptarget=False

loop execution in row=3392 of logfile /mnt/831eaeed-366e-4227-8611-577411edb9ca/Dries/backup/APS-what-if/software/aapsLogs/AndroidAPS._2025-12-28_00.log.zip at= 2025-12-27T23:09:33.042Z
edited old value of True in profile with enable_autoISF=False
edited old value of 0.6 in profile with smb_delivery_ratio=0.5
edited old value of 81.0 in profile with min_bg=101
edited old value of 99.0 in profile with max_bg=101
#rofile is an unrecognised array/json/keywordnot actioned: [#rofile], [target_bg], [int((profile['min_bg'] + profile['max_bg'])/2]
appended new entry to profile with tempTargetset=True
edited old value of False in profile with temptargetSet=True
edited old value of True in profile with allowSMB_with_high_temptarget=False

loop execution in row=3592 of logfile /mnt/831eaeed-366e-4227-8611-577411edb9ca/Dries/backup/APS-what-if/software/aapsLogs/AndroidAPS._2025-12-28_00.log.zip at= 2025-12-27T23:10:32.764Z
edited old value of True in profile with enable_autoISF=False
edited old value of 0.6 in profile with smb_delivery_ratio=0.5
edited old value of 81.0 in profile with min_bg=101
edited old value of 99.0 in profile with max_bg=101
#rofile is an unrecognised array/json/keywordnot actioned: [#rofile], [target_bg], [int((profile['min_bg'] + profile['max_bg'])/2]
appended new entry to profile with tempTargetset=True
edited old value of False in profile with temptargetSet=True
edited old value of True in profile with allowSMB_with_high_temptarget=False

loop execution in row=4224 of logfile /mnt/831eaeed-366e-4227-8611-577411edb9ca/Dries/backup/APS-what-if/software/aapsLogs/AndroidAPS._2025-12-28_00.log.zip at= 2025-12-27T23:11:32.800Z
edited old value of True in profile with enable_autoISF=False
edited old value of 0.6 in profile with smb_delivery_ratio=0.5
edited old value of 81.0 in profile with min_bg=101
edited old value of 99.0 in profile with max_bg=101
#rofile is an unrecognised array/json/keywordnot actioned: [#rofile], [target_bg], [int((profile['min_bg'] + profile['max_bg'])/2]
appended new entry to profile with tempTargetset=True
edited old value of False in profile with temptargetSet=True
edited old value of True in profile with allowSMB_with_high_temptarget=False

loop execution in row=4413 of logfile /mnt/831eaeed-366e-4227-8611-577411edb9ca/Dries/backup/APS-what-if/software/aapsLogs/AndroidAPS._2025-12-28_00.log.zip at= 2025-12-27T23:12:32.956Z
edited old value of True in profile with enable_autoISF=False
edited old value of 0.6 in profile with smb_delivery_ratio=0.5
edited old value of 81.0 in profile with min_bg=101
edited old value of 99.0 in profile with max_bg=101
#rofile is an unrecognised array/json/keywordnot actioned: [#rofile], [target_bg], [int((profile['min_bg'] + profile['max_bg'])/2]
appended new entry to profile with tempTargetset=True
edited old value of False in profile with temptargetSet=True
edited old value of True in profile with allowSMB_with_high_temptarget=False

loop execution in row=4608 of logfile /mnt/831eaeed-366e-4227-8611-577411edb9ca/Dries/backup/APS-what-if/software/aapsLogs/AndroidAPS._2025-12-28_00.log.zip at= 2025-12-27T23:13:36.265Z
edited old value of True in profile with enable_autoISF=False
edited old value of 0.6 in profile with smb_delivery_ratio=0.5
edited old value of 81.0 in profile with min_bg=101
edited old value of 99.0 in profile with max_bg=101
#rofile is an unrecognised array/json/keywordnot actioned: [#rofile], [target_bg], [int((profile['min_bg'] + profile['max_bg'])/2]
appended new entry to profile with tempTargetset=True
edited old value of False in profile with temptargetSet=True
edited old value of True in profile with allowSMB_with_high_temptarget=False

loop execution in row=4792 of logfile /mnt/831eaeed-366e-4227-8611-577411edb9ca/Dries/backup/APS-what-if/software/aapsLogs/AndroidAPS._2025-12-28_00.log.zip at= 2025-12-27T23:14:34.780Z
edited old value of True in profile with enable_autoISF=False
edited old value of 0.6 in profile with smb_delivery_ratio=0.5
edited old value of 81.0 in profile with min_bg=101
edited old value of 99.0 in profile with max_bg=101
#rofile is an unrecognised array/json/keywordnot actioned: [#rofile], [target_bg], [int((profile['min_bg'] + profile['max_bg'])/2]
appended new entry to profile with tempTargetset=True
edited old value of False in profile with temptargetSet=True
edited old value of True in profile with allowSMB_with_high_temptarget=False

loop execution in row=5014 of logfile /mnt/831eaeed-366e-4227-8611-577411edb9ca/Dries/backup/APS-what-if/software/aapsLogs/AndroidAPS._2025-12-28_00.log.zip at= 2025-12-27T23:15:35.944Z
edited old value of True in profile with enable_autoISF=False
edited old value of 0.6 in profile with smb_delivery_ratio=0.5
edited old value of 81.0 in profile with min_bg=101
edited old value of 99.0 in profile with max_bg=101
#rofile is an unrecognised array/json/keywordnot actioned: [#rofile], [target_bg], [int((profile['min_bg'] + profile['max_bg'])/2]
appended new entry to profile with tempTargetset=True
edited old value of False in profile with temptargetSet=True
edited old value of True in profile with allowSMB_with_high_temptarget=False

loop execution in row=5199 of logfile /mnt/831eaeed-366e-4227-8611-577411edb9ca/Dries/backup/APS-what-if/software/aapsLogs/AndroidAPS._2025-12-28_00.log.zip at= 2025-12-27T23:16:35.364Z
edited old value of True in profile with enable_autoISF=False
edited old value of 0.6 in profile with smb_delivery_ratio=0.5
edited old value of 81.0 in profile with min_bg=101
edited old value of 99.0 in profile with max_bg=101
#rofile is an unrecognised array/json/keywordnot actioned: [#rofile], [target_bg], [int((profile['min_bg'] + profile['max_bg'])/2]
appended new entry to profile with tempTargetset=True
edited old value of False in profile with temptargetSet=True
edited old value of True in profile with allowSMB_with_high_temptarget=False

loop execution in row=5386 of logfile /mnt/831eaeed-366e-4227-8611-577411edb9ca/Dries/backup/APS-what-if/software/aapsLogs/AndroidAPS._2025-12-28_00.log.zip at= 2025-12-27T23:17:35.039Z
edited old value of True in profile with enable_autoISF=False
edited old value of 0.6 in profile with smb_delivery_ratio=0.5
edited old value of 81.0 in profile with min_bg=101
edited old value of 99.0 in profile with max_bg=101
#rofile is an unrecognised array/json/keywordnot actioned: [#rofile], [target_bg], [int((profile['min_bg'] + profile['max_bg'])/2]
appended new entry to profile with tempTargetset=True
edited old value of False in profile with temptargetSet=True
edited old value of True in profile with allowSMB_with_high_temptarget=False

loop execution in row=5573 of logfile /mnt/831eaeed-366e-4227-8611-577411edb9ca/Dries/backup/APS-what-if/software/aapsLogs/AndroidAPS._2025-12-28_00.log.zip at= 2025-12-27T23:18:36.379Z
edited old value of True in profile with enable_autoISF=False
edited old value of 0.6 in profile with smb_delivery_ratio=0.5
edited old value of 81.0 in profile with min_bg=101
edited old value of 99.0 in profile with max_bg=101
#rofile is an unrecognised array/json/keywordnot actioned: [#rofile], [target_bg], [int((profile['min_bg'] + profile['max_bg'])/2]
appended new entry to profile with tempTargetset=True
edited old value of False in profile with temptargetSet=True
edited old value of True in profile with allowSMB_with_high_temptarget=False

loop execution in row=5760 of logfile /mnt/831eaeed-366e-4227-8611-577411edb9ca/Dries/backup/APS-what-if/software/aapsLogs/AndroidAPS._2025-12-28_00.log.zip at= 2025-12-27T23:19:35.943Z
edited old value of True in profile with enable_autoISF=False
edited old value of 0.6 in profile with smb_delivery_ratio=0.5
edited old value of 81.0 in profile with min_bg=101
edited old value of 99.0 in profile with max_bg=101
#rofile is an unrecognised array/json/keywordnot actioned: [#rofile], [target_bg], [int((profile['min_bg'] + profile['max_bg'])/2]
appended new entry to profile with tempTargetset=True
edited old value of False in profile with temptargetSet=True
edited old value of True in profile with allowSMB_with_high_temptarget=False

loop execution in row=5956 of logfile /mnt/831eaeed-366e-4227-8611-577411edb9ca/Dries/backup/APS-what-if/software/aapsLogs/AndroidAPS._2025-12-28_00.log.zip at= 2025-12-27T23:20:35.393Z
edited old value of True in profile with enable_autoISF=False
edited old value of 0.6 in profile with smb_delivery_ratio=0.5
edited old value of 81.0 in profile with min_bg=101
edited old value of 99.0 in profile with max_bg=101
#rofile is an unrecognised array/json/keywordnot actioned: [#rofile], [target_bg], [int((profile['min_bg'] + profile['max_bg'])/2]
appended new entry to profile with tempTargetset=True
edited old value of False in profile with temptargetSet=True
edited old value of True in profile with allowSMB_with_high_temptarget=False

loop execution in row=6140 of logfile /mnt/831eaeed-366e-4227-8611-577411edb9ca/Dries/backup/APS-what-if/software/aapsLogs/AndroidAPS._2025-12-28_00.log.zip at= 2025-12-27T23:21:38.175Z
edited old value of True in profile with enable_autoISF=False
edited old value of 0.6 in profile with smb_delivery_ratio=0.5
edited old value of 81.0 in profile with min_bg=101
edited old value of 99.0 in profile with max_bg=101
#rofile is an unrecognised array/json/keywordnot actioned: [#rofile], [target_bg], [int((profile['min_bg'] + profile['max_bg'])/2]
appended new entry to profile with tempTargetset=True
edited old value of False in profile with temptargetSet=True
edited old value of True in profile with allowSMB_with_high_temptarget=False

loop execution in row=6328 of logfile /mnt/831eaeed-366e-4227-8611-577411edb9ca/Dries/backup/APS-what-if/software/aapsLogs/AndroidAPS._2025-12-28_00.log.zip at= 2025-12-27T23:22:39.064Z
edited old value of True in profile with enable_autoISF=False
edited old value of 0.6 in profile with smb_delivery_ratio=0.5
edited old value of 81.0 in profile with min_bg=101
edited old value of 99.0 in profile with max_bg=101
#rofile is an unrecognised array/json/keywordnot actioned: [#rofile], [target_bg], [int((profile['min_bg'] + profile['max_bg'])/2]
appended new entry to profile with tempTargetset=True
edited old value of False in profile with temptargetSet=True
edited old value of True in profile with allowSMB_with_high_temptarget=False

loop execution in row=6516 of logfile /mnt/831eaeed-366e-4227-8611-577411edb9ca/Dries/backup/APS-what-if/software/aapsLogs/AndroidAPS._2025-12-28_00.log.zip at= 2025-12-27T23:23:42.666Z
edited old value of True in profile with enable_autoISF=False
edited old value of 0.6 in profile with smb_delivery_ratio=0.5
edited old value of 81.0 in profile with min_bg=101
edited old value of 99.0 in profile with max_bg=101
#rofile is an unrecognised array/json/keywordnot actioned: [#rofile], [target_bg], [int((profile['min_bg'] + profile['max_bg'])/2]
appended new entry to profile with tempTargetset=True
edited old value of False in profile with temptargetSet=True
edited old value of True in profile with allowSMB_with_high_temptarget=False

loop execution in row=6712 of logfile /mnt/831eaeed-366e-4227-8611-577411edb9ca/Dries/backup/APS-what-if/software/aapsLogs/AndroidAPS._2025-12-28_00.log.zip at= 2025-12-27T23:24:37.519Z
edited old value of True in profile with enable_autoISF=False
edited old value of 0.6 in profile with smb_delivery_ratio=0.5
edited old value of 81.0 in profile with min_bg=101
edited old value of 99.0 in profile with max_bg=101
#rofile is an unrecognised array/json/keywordnot actioned: [#rofile], [target_bg], [int((profile['min_bg'] + profile['max_bg'])/2]
appended new entry to profile with tempTargetset=True
edited old value of False in profile with temptargetSet=True
edited old value of True in profile with allowSMB_with_high_temptarget=False

loop execution in row=6909 of logfile /mnt/831eaeed-366e-4227-8611-577411edb9ca/Dries/backup/APS-what-if/software/aapsLogs/AndroidAPS._2025-12-28_00.log.zip at= 2025-12-27T23:25:39.853Z
edited old value of True in profile with enable_autoISF=False
edited old value of 0.6 in profile with smb_delivery_ratio=0.5
edited old value of 81.0 in profile with min_bg=101
edited old value of 99.0 in profile with max_bg=101
#rofile is an unrecognised array/json/keywordnot actioned: [#rofile], [target_bg], [int((profile['min_bg'] + profile['max_bg'])/2]
appended new entry to profile with tempTargetset=True
edited old value of False in profile with temptargetSet=True
edited old value of True in profile with allowSMB_with_high_temptarget=False

loop execution in row=7933 of logfile /mnt/831eaeed-366e-4227-8611-577411edb9ca/Dries/backup/APS-what-if/software/aapsLogs/AndroidAPS._2025-12-28_00.log.zip at= 2025-12-27T23:26:43.579Z
edited old value of True in profile with enable_autoISF=False
edited old value of 0.6 in profile with smb_delivery_ratio=0.5
edited old value of 81.0 in profile with min_bg=101
edited old value of 99.0 in profile with max_bg=101
#rofile is an unrecognised array/json/keywordnot actioned: [#rofile], [target_bg], [int((profile['min_bg'] + profile['max_bg'])/2]
appended new entry to profile with tempTargetset=True
edited old value of False in profile with temptargetSet=True
edited old value of True in profile with allowSMB_with_high_temptarget=False

loop execution in row=8601 of logfile /mnt/831eaeed-366e-4227-8611-577411edb9ca/Dries/backup/APS-what-if/software/aapsLogs/AndroidAPS._2025-12-28_00.log.zip at= 2025-12-27T23:27:48.250Z
edited old value of True in profile with enable_autoISF=False
edited old value of 0.6 in profile with smb_delivery_ratio=0.5
edited old value of 81.0 in profile with min_bg=101
edited old value of 99.0 in profile with max_bg=101
#rofile is an unrecognised array/json/keywordnot actioned: [#rofile], [target_bg], [int((profile['min_bg'] + profile['max_bg'])/2]
appended new entry to profile with tempTargetset=True
edited old value of False in profile with temptargetSet=True
edited old value of True in profile with allowSMB_with_high_temptarget=False

loop execution in row=8902 of logfile /mnt/831eaeed-366e-4227-8611-577411edb9ca/Dries/backup/APS-what-if/software/aapsLogs/AndroidAPS._2025-12-28_00.log.zip at= 2025-12-27T23:28:45.925Z
edited old value of True in profile with enable_autoISF=False
edited old value of 0.6 in profile with smb_delivery_ratio=0.5
edited old value of 81.0 in profile with min_bg=101
edited old value of 99.0 in profile with max_bg=101
#rofile is an unrecognised array/json/keywordnot actioned: [#rofile], [target_bg], [int((profile['min_bg'] + profile['max_bg'])/2]
appended new entry to profile with tempTargetset=True
edited old value of False in profile with temptargetSet=True
edited old value of True in profile with allowSMB_with_high_temptarget=False

loop execution in row=9578 of logfile /mnt/831eaeed-366e-4227-8611-577411edb9ca/Dries/backup/APS-what-if/software/aapsLogs/AndroidAPS._2025-12-28_00.log.zip at= 2025-12-27T23:29:47.265Z
edited old value of True in profile with enable_autoISF=False
edited old value of 0.6 in profile with smb_delivery_ratio=0.5
edited old value of 81.0 in profile with min_bg=101
edited old value of 99.0 in profile with max_bg=101
#rofile is an unrecognised array/json/keywordnot actioned: [#rofile], [target_bg], [int((profile['min_bg'] + profile['max_bg'])/2]
appended new entry to profile with tempTargetset=True
edited old value of False in profile with temptargetSet=True
edited old value of True in profile with allowSMB_with_high_temptarget=False

loop execution in row=10331 of logfile /mnt/831eaeed-366e-4227-8611-577411edb9ca/Dries/backup/APS-what-if/software/aapsLogs/AndroidAPS._2025-12-28_00.log.zip at= 2025-12-27T23:30:43.965Z
edited old value of True in profile with enable_autoISF=False
edited old value of 0.6 in profile with smb_delivery_ratio=0.5
edited old value of 81.0 in profile with min_bg=101
edited old value of 99.0 in profile with max_bg=101
#rofile is an unrecognised array/json/keywordnot actioned: [#rofile], [target_bg], [int((profile['min_bg'] + profile['max_bg'])/2]
appended new entry to profile with tempTargetset=True
edited old value of False in profile with temptargetSet=True
edited old value of True in profile with allowSMB_with_high_temptarget=False

loop execution in row=10893 of logfile /mnt/831eaeed-366e-4227-8611-577411edb9ca/Dries/backup/APS-what-if/software/aapsLogs/AndroidAPS._2025-12-28_00.log.zip at= 2025-12-27T23:31:44.486Z
edited old value of True in profile with enable_autoISF=False
edited old value of 0.6 in profile with smb_delivery_ratio=0.5
edited old value of 81.0 in profile with min_bg=101
edited old value of 99.0 in profile with max_bg=101
#rofile is an unrecognised array/json/keywordnot actioned: [#rofile], [target_bg], [int((profile['min_bg'] + profile['max_bg'])/2]
appended new entry to profile with tempTargetset=True
edited old value of False in profile with temptargetSet=True
edited old value of True in profile with allowSMB_with_high_temptarget=False

loop execution in row=11483 of logfile /mnt/831eaeed-366e-4227-8611-577411edb9ca/Dries/backup/APS-what-if/software/aapsLogs/AndroidAPS._2025-12-28_00.log.zip at= 2025-12-27T23:32:42.488Z
edited old value of True in profile with enable_autoISF=False
edited old value of 0.6 in profile with smb_delivery_ratio=0.5
edited old value of 81.0 in profile with min_bg=101
edited old value of 99.0 in profile with max_bg=101
#rofile is an unrecognised array/json/keywordnot actioned: [#rofile], [target_bg], [int((profile['min_bg'] + profile['max_bg'])/2]
appended new entry to profile with tempTargetset=True
edited old value of False in profile with temptargetSet=True
edited old value of True in profile with allowSMB_with_high_temptarget=False

loop execution in row=11687 of logfile /mnt/831eaeed-366e-4227-8611-577411edb9ca/Dries/backup/APS-what-if/software/aapsLogs/AndroidAPS._2025-12-28_00.log.zip at= 2025-12-27T23:33:44.810Z
edited old value of True in profile with enable_autoISF=False
edited old value of 0.6 in profile with smb_delivery_ratio=0.5
edited old value of 81.0 in profile with min_bg=101
edited old value of 99.0 in profile with max_bg=101
#rofile is an unrecognised array/json/keywordnot actioned: [#rofile], [target_bg], [int((profile['min_bg'] + profile['max_bg'])/2]
appended new entry to profile with tempTargetset=True
edited old value of False in profile with temptargetSet=True
edited old value of True in profile with allowSMB_with_high_temptarget=False

loop execution in row=11903 of logfile /mnt/831eaeed-366e-4227-8611-577411edb9ca/Dries/backup/APS-what-if/software/aapsLogs/AndroidAPS._2025-12-28_00.log.zip at= 2025-12-27T23:34:44.186Z
edited old value of True in profile with enable_autoISF=False
edited old value of 0.6 in profile with smb_delivery_ratio=0.5
edited old value of 81.0 in profile with min_bg=101
edited old value of 99.0 in profile with max_bg=101
#rofile is an unrecognised array/json/keywordnot actioned: [#rofile], [target_bg], [int((profile['min_bg'] + profile['max_bg'])/2]
appended new entry to profile with tempTargetset=True
edited old value of False in profile with temptargetSet=True
edited old value of True in profile with allowSMB_with_high_temptarget=False

loop execution in row=12109 of logfile /mnt/831eaeed-366e-4227-8611-577411edb9ca/Dries/backup/APS-what-if/software/aapsLogs/AndroidAPS._2025-12-28_00.log.zip at= 2025-12-27T23:35:44.180Z
edited old value of True in profile with enable_autoISF=False
edited old value of 0.6 in profile with smb_delivery_ratio=0.5
edited old value of 81.0 in profile with min_bg=101
edited old value of 99.0 in profile with max_bg=101
#rofile is an unrecognised array/json/keywordnot actioned: [#rofile], [target_bg], [int((profile['min_bg'] + profile['max_bg'])/2]
appended new entry to profile with tempTargetset=True
edited old value of False in profile with temptargetSet=True
edited old value of True in profile with allowSMB_with_high_temptarget=False

loop execution in row=12288 of logfile /mnt/831eaeed-366e-4227-8611-577411edb9ca/Dries/backup/APS-what-if/software/aapsLogs/AndroidAPS._2025-12-28_00.log.zip at= 2025-12-27T23:36:44.653Z
edited old value of True in profile with enable_autoISF=False
edited old value of 0.6 in profile with smb_delivery_ratio=0.5
edited old value of 81.0 in profile with min_bg=101
edited old value of 99.0 in profile with max_bg=101
#rofile is an unrecognised array/json/keywordnot actioned: [#rofile], [target_bg], [int((profile['min_bg'] + profile['max_bg'])/2]
appended new entry to profile with tempTargetset=True
edited old value of False in profile with temptargetSet=True
edited old value of True in profile with allowSMB_with_high_temptarget=False

loop execution in row=12474 of logfile /mnt/831eaeed-366e-4227-8611-577411edb9ca/Dries/backup/APS-what-if/software/aapsLogs/AndroidAPS._2025-12-28_00.log.zip at= 2025-12-27T23:37:44.575Z
edited old value of True in profile with enable_autoISF=False
edited old value of 0.6 in profile with smb_delivery_ratio=0.5
edited old value of 81.0 in profile with min_bg=101
edited old value of 99.0 in profile with max_bg=101
#rofile is an unrecognised array/json/keywordnot actioned: [#rofile], [target_bg], [int((profile['min_bg'] + profile['max_bg'])/2]
appended new entry to profile with tempTargetset=True
edited old value of False in profile with temptargetSet=True
edited old value of True in profile with allowSMB_with_high_temptarget=False

loop execution in row=12655 of logfile /mnt/831eaeed-366e-4227-8611-577411edb9ca/Dries/backup/APS-what-if/software/aapsLogs/AndroidAPS._2025-12-28_00.log.zip at= 2025-12-27T23:38:45.624Z
edited old value of True in profile with enable_autoISF=False
edited old value of 0.6 in profile with smb_delivery_ratio=0.5
edited old value of 81.0 in profile with min_bg=101
edited old value of 99.0 in profile with max_bg=101
#rofile is an unrecognised array/json/keywordnot actioned: [#rofile], [target_bg], [int((profile['min_bg'] + profile['max_bg'])/2]
appended new entry to profile with tempTargetset=True
edited old value of False in profile with temptargetSet=True
edited old value of True in profile with allowSMB_with_high_temptarget=False

loop execution in row=12838 of logfile /mnt/831eaeed-366e-4227-8611-577411edb9ca/Dries/backup/APS-what-if/software/aapsLogs/AndroidAPS._2025-12-28_00.log.zip at= 2025-12-27T23:39:44.605Z
edited old value of True in profile with enable_autoISF=False
edited old value of 0.6 in profile with smb_delivery_ratio=0.5
edited old value of 81.0 in profile with min_bg=101
edited old value of 99.0 in profile with max_bg=101
#rofile is an unrecognised array/json/keywordnot actioned: [#rofile], [target_bg], [int((profile['min_bg'] + profile['max_bg'])/2]
appended new entry to profile with tempTargetset=True
edited old value of False in profile with temptargetSet=True
edited old value of True in profile with allowSMB_with_high_temptarget=False

loop execution in row=13026 of logfile /mnt/831eaeed-366e-4227-8611-577411edb9ca/Dries/backup/APS-what-if/software/aapsLogs/AndroidAPS._2025-12-28_00.log.zip at= 2025-12-27T23:40:46.454Z
edited old value of True in profile with enable_autoISF=False
edited old value of 0.6 in profile with smb_delivery_ratio=0.5
edited old value of 81.0 in profile with min_bg=101
edited old value of 99.0 in profile with max_bg=101
#rofile is an unrecognised array/json/keywordnot actioned: [#rofile], [target_bg], [int((profile['min_bg'] + profile['max_bg'])/2]
appended new entry to profile with tempTargetset=True
edited old value of False in profile with temptargetSet=True
edited old value of True in profile with allowSMB_with_high_temptarget=False

loop execution in row=13204 of logfile /mnt/831eaeed-366e-4227-8611-577411edb9ca/Dries/backup/APS-what-if/software/aapsLogs/AndroidAPS._2025-12-28_00.log.zip at= 2025-12-27T23:41:47.144Z
edited old value of True in profile with enable_autoISF=False
edited old value of 0.6 in profile with smb_delivery_ratio=0.5
edited old value of 81.0 in profile with min_bg=101
edited old value of 99.0 in profile with max_bg=101
#rofile is an unrecognised array/json/keywordnot actioned: [#rofile], [target_bg], [int((profile['min_bg'] + profile['max_bg'])/2]
appended new entry to profile with tempTargetset=True
edited old value of False in profile with temptargetSet=True
edited old value of True in profile with allowSMB_with_high_temptarget=False

loop execution in row=13398 of logfile /mnt/831eaeed-366e-4227-8611-577411edb9ca/Dries/backup/APS-what-if/software/aapsLogs/AndroidAPS._2025-12-28_00.log.zip at= 2025-12-27T23:42:46.858Z
edited old value of True in profile with enable_autoISF=False
edited old value of 0.6 in profile with smb_delivery_ratio=0.5
edited old value of 81.0 in profile with min_bg=101
edited old value of 99.0 in profile with max_bg=101
#rofile is an unrecognised array/json/keywordnot actioned: [#rofile], [target_bg], [int((profile['min_bg'] + profile['max_bg'])/2]
appended new entry to profile with tempTargetset=True
edited old value of False in profile with temptargetSet=True
edited old value of True in profile with allowSMB_with_high_temptarget=False

loop execution in row=14252 of logfile /mnt/831eaeed-366e-4227-8611-577411edb9ca/Dries/backup/APS-what-if/software/aapsLogs/AndroidAPS._2025-12-28_00.log.zip at= 2025-12-27T23:43:51.441Z
edited old value of True in profile with enable_autoISF=False
edited old value of 0.6 in profile with smb_delivery_ratio=0.5
edited old value of 81.0 in profile with min_bg=101
edited old value of 99.0 in profile with max_bg=101
#rofile is an unrecognised array/json/keywordnot actioned: [#rofile], [target_bg], [int((profile['min_bg'] + profile['max_bg'])/2]
appended new entry to profile with tempTargetset=True
edited old value of False in profile with temptargetSet=True
edited old value of True in profile with allowSMB_with_high_temptarget=False

loop execution in row=14866 of logfile /mnt/831eaeed-366e-4227-8611-577411edb9ca/Dries/backup/APS-what-if/software/aapsLogs/AndroidAPS._2025-12-28_00.log.zip at= 2025-12-27T23:44:49.883Z
edited old value of True in profile with enable_autoISF=False
edited old value of 0.6 in profile with smb_delivery_ratio=0.5
edited old value of 81.0 in profile with min_bg=101
edited old value of 99.0 in profile with max_bg=101
#rofile is an unrecognised array/json/keywordnot actioned: [#rofile], [target_bg], [int((profile['min_bg'] + profile['max_bg'])/2]
appended new entry to profile with tempTargetset=True
edited old value of False in profile with temptargetSet=True
edited old value of True in profile with allowSMB_with_high_temptarget=False

loop execution in row=15105 of logfile /mnt/831eaeed-366e-4227-8611-577411edb9ca/Dries/backup/APS-what-if/software/aapsLogs/AndroidAPS._2025-12-28_00.log.zip at= 2025-12-27T23:45:52.173Z
edited old value of True in profile with enable_autoISF=False
edited old value of 0.6 in profile with smb_delivery_ratio=0.5
edited old value of 81.0 in profile with min_bg=101
edited old value of 99.0 in profile with max_bg=101
#rofile is an unrecognised array/json/keywordnot actioned: [#rofile], [target_bg], [int((profile['min_bg'] + profile['max_bg'])/2]
appended new entry to profile with tempTargetset=True
edited old value of False in profile with temptargetSet=True
edited old value of True in profile with allowSMB_with_high_temptarget=False

loop execution in row=15377 of logfile /mnt/831eaeed-366e-4227-8611-577411edb9ca/Dries/backup/APS-what-if/software/aapsLogs/AndroidAPS._2025-12-28_00.log.zip at= 2025-12-27T23:46:50.958Z
edited old value of True in profile with enable_autoISF=False
edited old value of 0.6 in profile with smb_delivery_ratio=0.5
edited old value of 81.0 in profile with min_bg=101
edited old value of 99.0 in profile with max_bg=101
#rofile is an unrecognised array/json/keywordnot actioned: [#rofile], [target_bg], [int((profile['min_bg'] + profile['max_bg'])/2]
appended new entry to profile with tempTargetset=True
edited old value of False in profile with temptargetSet=True
edited old value of True in profile with allowSMB_with_high_temptarget=False

loop execution in row=15977 of logfile /mnt/831eaeed-366e-4227-8611-577411edb9ca/Dries/backup/APS-what-if/software/aapsLogs/AndroidAPS._2025-12-28_00.log.zip at= 2025-12-27T23:47:49.955Z
edited old value of True in profile with enable_autoISF=False
edited old value of 0.6 in profile with smb_delivery_ratio=0.5
edited old value of 81.0 in profile with min_bg=101
edited old value of 99.0 in profile with max_bg=101
#rofile is an unrecognised array/json/keywordnot actioned: [#rofile], [target_bg], [int((profile['min_bg'] + profile['max_bg'])/2]
appended new entry to profile with tempTargetset=True
edited old value of False in profile with temptargetSet=True
edited old value of True in profile with allowSMB_with_high_temptarget=False

loop execution in row=16568 of logfile /mnt/831eaeed-366e-4227-8611-577411edb9ca/Dries/backup/APS-what-if/software/aapsLogs/AndroidAPS._2025-12-28_00.log.zip at= 2025-12-27T23:48:47.469Z
edited old value of True in profile with enable_autoISF=False
edited old value of 0.6 in profile with smb_delivery_ratio=0.5
edited old value of 81.0 in profile with min_bg=101
edited old value of 99.0 in profile with max_bg=101
#rofile is an unrecognised array/json/keywordnot actioned: [#rofile], [target_bg], [int((profile['min_bg'] + profile['max_bg'])/2]
appended new entry to profile with tempTargetset=True
edited old value of False in profile with temptargetSet=True
edited old value of True in profile with allowSMB_with_high_temptarget=False

loop execution in row=16779 of logfile /mnt/831eaeed-366e-4227-8611-577411edb9ca/Dries/backup/APS-what-if/software/aapsLogs/AndroidAPS._2025-12-28_00.log.zip at= 2025-12-27T23:49:49.520Z
edited old value of True in profile with enable_autoISF=False
edited old value of 0.6 in profile with smb_delivery_ratio=0.5
edited old value of 81.0 in profile with min_bg=101
edited old value of 99.0 in profile with max_bg=101
#rofile is an unrecognised array/json/keywordnot actioned: [#rofile], [target_bg], [int((profile['min_bg'] + profile['max_bg'])/2]
appended new entry to profile with tempTargetset=True
edited old value of False in profile with temptargetSet=True
edited old value of True in profile with allowSMB_with_high_temptarget=False

loop execution in row=16990 of logfile /mnt/831eaeed-366e-4227-8611-577411edb9ca/Dries/backup/APS-what-if/software/aapsLogs/AndroidAPS._2025-12-28_00.log.zip at= 2025-12-27T23:50:48.668Z
edited old value of True in profile with enable_autoISF=False
edited old value of 0.6 in profile with smb_delivery_ratio=0.5
edited old value of 81.0 in profile with min_bg=101
edited old value of 99.0 in profile with max_bg=101
#rofile is an unrecognised array/json/keywordnot actioned: [#rofile], [target_bg], [int((profile['min_bg'] + profile['max_bg'])/2]
appended new entry to profile with tempTargetset=True
edited old value of False in profile with temptargetSet=True
edited old value of True in profile with allowSMB_with_high_temptarget=False

loop execution in row=17190 of logfile /mnt/831eaeed-366e-4227-8611-577411edb9ca/Dries/backup/APS-what-if/software/aapsLogs/AndroidAPS._2025-12-28_00.log.zip at= 2025-12-27T23:51:49.444Z
edited old value of True in profile with enable_autoISF=False
edited old value of 0.6 in profile with smb_delivery_ratio=0.5
edited old value of 81.0 in profile with min_bg=101
edited old value of 99.0 in profile with max_bg=101
#rofile is an unrecognised array/json/keywordnot actioned: [#rofile], [target_bg], [int((profile['min_bg'] + profile['max_bg'])/2]
appended new entry to profile with tempTargetset=True
edited old value of False in profile with temptargetSet=True
edited old value of True in profile with allowSMB_with_high_temptarget=False

loop execution in row=17379 of logfile /mnt/831eaeed-366e-4227-8611-577411edb9ca/Dries/backup/APS-what-if/software/aapsLogs/AndroidAPS._2025-12-28_00.log.zip at= 2025-12-27T23:52:49.110Z
edited old value of True in profile with enable_autoISF=False
edited old value of 0.6 in profile with smb_delivery_ratio=0.5
edited old value of 81.0 in profile with min_bg=101
edited old value of 99.0 in profile with max_bg=101
#rofile is an unrecognised array/json/keywordnot actioned: [#rofile], [target_bg], [int((profile['min_bg'] + profile['max_bg'])/2]
appended new entry to profile with tempTargetset=True
edited old value of False in profile with temptargetSet=True
edited old value of True in profile with allowSMB_with_high_temptarget=False

loop execution in row=18031 of logfile /mnt/831eaeed-366e-4227-8611-577411edb9ca/Dries/backup/APS-what-if/software/aapsLogs/AndroidAPS._2025-12-28_00.log.zip at= 2025-12-27T23:53:44.959Z
edited old value of True in profile with enable_autoISF=False
edited old value of 0.6 in profile with smb_delivery_ratio=0.5
edited old value of 81.0 in profile with min_bg=101
edited old value of 99.0 in profile with max_bg=101
#rofile is an unrecognised array/json/keywordnot actioned: [#rofile], [target_bg], [int((profile['min_bg'] + profile['max_bg'])/2]
appended new entry to profile with tempTargetset=True
edited old value of False in profile with temptargetSet=True
edited old value of True in profile with allowSMB_with_high_temptarget=False

loop execution in row=18242 of logfile /mnt/831eaeed-366e-4227-8611-577411edb9ca/Dries/backup/APS-what-if/software/aapsLogs/AndroidAPS._2025-12-28_00.log.zip at= 2025-12-27T23:54:51.381Z
edited old value of True in profile with enable_autoISF=False
edited old value of 0.6 in profile with smb_delivery_ratio=0.5
edited old value of 81.0 in profile with min_bg=101
edited old value of 99.0 in profile with max_bg=101
#rofile is an unrecognised array/json/keywordnot actioned: [#rofile], [target_bg], [int((profile['min_bg'] + profile['max_bg'])/2]
appended new entry to profile with tempTargetset=True
edited old value of False in profile with temptargetSet=True
edited old value of True in profile with allowSMB_with_high_temptarget=False

loop execution in row=18436 of logfile /mnt/831eaeed-366e-4227-8611-577411edb9ca/Dries/backup/APS-what-if/software/aapsLogs/AndroidAPS._2025-12-28_00.log.zip at= 2025-12-27T23:55:53.100Z
edited old value of True in profile with enable_autoISF=False
edited old value of 0.6 in profile with smb_delivery_ratio=0.5
edited old value of 81.0 in profile with min_bg=101
edited old value of 99.0 in profile with max_bg=101
#rofile is an unrecognised array/json/keywordnot actioned: [#rofile], [target_bg], [int((profile['min_bg'] + profile['max_bg'])/2]
appended new entry to profile with tempTargetset=True
edited old value of False in profile with temptargetSet=True
edited old value of True in profile with allowSMB_with_high_temptarget=False

loop execution in row=18627 of logfile /mnt/831eaeed-366e-4227-8611-577411edb9ca/Dries/backup/APS-what-if/software/aapsLogs/AndroidAPS._2025-12-28_00.log.zip at= 2025-12-27T23:57:51.975Z
edited old value of True in profile with enable_autoISF=False
edited old value of 0.6 in profile with smb_delivery_ratio=0.5
edited old value of 81.0 in profile with min_bg=101
edited old value of 99.0 in profile with max_bg=101
#rofile is an unrecognised array/json/keywordnot actioned: [#rofile], [target_bg], [int((profile['min_bg'] + profile['max_bg'])/2]
appended new entry to profile with tempTargetset=True
edited old value of False in profile with temptargetSet=True
edited old value of True in profile with allowSMB_with_high_temptarget=False

loop execution in row=19573 of logfile /mnt/831eaeed-366e-4227-8611-577411edb9ca/Dries/backup/APS-what-if/software/aapsLogs/AndroidAPS._2025-12-28_00.log.zip at= 2025-12-27T23:58:56.100Z
edited old value of True in profile with enable_autoISF=False
edited old value of 0.6 in profile with smb_delivery_ratio=0.5
edited old value of 81.0 in profile with min_bg=101
edited old value of 99.0 in profile with max_bg=101
#rofile is an unrecognised array/json/keywordnot actioned: [#rofile], [target_bg], [int((profile['min_bg'] + profile['max_bg'])/2]
appended new entry to profile with tempTargetset=True
edited old value of False in profile with temptargetSet=True
edited old value of True in profile with allowSMB_with_high_temptarget=False

loop execution in row=20182 of logfile /mnt/831eaeed-366e-4227-8611-577411edb9ca/Dries/backup/APS-what-if/software/aapsLogs/AndroidAPS._2025-12-28_00.log.zip at= 2025-12-27T23:59:55.434Z
edited old value of True in profile with enable_autoISF=False
edited old value of 0.6 in profile with smb_delivery_ratio=0.5
edited old value of 81.0 in profile with min_bg=101
edited old value of 99.0 in profile with max_bg=101
#rofile is an unrecognised array/json/keywordnot actioned: [#rofile], [target_bg], [int((profile['min_bg'] + profile['max_bg'])/2]
appended new entry to profile with tempTargetset=True
edited old value of False in profile with temptargetSet=True
edited old value of True in profile with allowSMB_with_high_temptarget=False

========== Echo of what-if definitions actioned for variant Demo_Sports_Adaptations
========== created on Sun, 11 Jan 2026 15:17:35 +0100
========== for loop events found in logfile /mnt/831eaeed-366e-4227-8611-577411edb9ca/Dries/backup/APS-what-if/software/aapsLogs/AndroidAPS._2025-12-28_01.log.zip

loop execution in row=516 of logfile /mnt/831eaeed-366e-4227-8611-577411edb9ca/Dries/backup/APS-what-if/software/aapsLogs/AndroidAPS._2025-12-28_01.log.zip at= 2025-12-28T00:02:02.022Z
edited old value of True in profile with enable_autoISF=False
edited old value of 0.6 in profile with smb_delivery_ratio=0.5
edited old value of 81.0 in profile with min_bg=101
edited old value of 99.0 in profile with max_bg=101
#rofile is an unrecognised array/json/keywordnot actioned: [#rofile], [target_bg], [int((profile['min_bg'] + profile['max_bg'])/2]
appended new entry to profile with tempTargetset=True
edited old value of False in profile with temptargetSet=True
edited old value of True in profile with allowSMB_with_high_temptarget=False

loop execution in row=1389 of logfile /mnt/831eaeed-366e-4227-8611-577411edb9ca/Dries/backup/APS-what-if/software/aapsLogs/AndroidAPS._2025-12-28_01.log.zip at= 2025-12-28T00:04:02.842Z
edited old value of True in profile with enable_autoISF=False
edited old value of 0.6 in profile with smb_delivery_ratio=0.5
edited old value of 81.0 in profile with min_bg=101
edited old value of 99.0 in profile with max_bg=101
#rofile is an unrecognised array/json/keywordnot actioned: [#rofile], [target_bg], [int((profile['min_bg'] + profile['max_bg'])/2]
appended new entry to profile with tempTargetset=True
edited old value of False in profile with temptargetSet=True
edited old value of True in profile with allowSMB_with_high_temptarget=False

loop execution in row=1969 of logfile /mnt/831eaeed-366e-4227-8611-577411edb9ca/Dries/backup/APS-what-if/software/aapsLogs/AndroidAPS._2025-12-28_01.log.zip at= 2025-12-28T00:05:01.729Z
edited old value of True in profile with enable_autoISF=False
edited old value of 0.6 in profile with smb_delivery_ratio=0.5
edited old value of 81.0 in profile with min_bg=101
edited old value of 99.0 in profile with max_bg=101
#rofile is an unrecognised array/json/keywordnot actioned: [#rofile], [target_bg], [int((profile['min_bg'] + profile['max_bg'])/2]
appended new entry to profile with tempTargetset=True
edited old value of False in profile with temptargetSet=True
edited old value of True in profile with allowSMB_with_high_temptarget=False

loop execution in row=2555 of logfile /mnt/831eaeed-366e-4227-8611-577411edb9ca/Dries/backup/APS-what-if/software/aapsLogs/AndroidAPS._2025-12-28_01.log.zip at= 2025-12-28T00:05:59.463Z
edited old value of True in profile with enable_autoISF=False
edited old value of 0.6 in profile with smb_delivery_ratio=0.5
edited old value of 81.0 in profile with min_bg=101
edited old value of 99.0 in profile with max_bg=101
#rofile is an unrecognised array/json/keywordnot actioned: [#rofile], [target_bg], [int((profile['min_bg'] + profile['max_bg'])/2]
appended new entry to profile with tempTargetset=True
edited old value of False in profile with temptargetSet=True
edited old value of True in profile with allowSMB_with_high_temptarget=False

loop execution in row=3179 of logfile /mnt/831eaeed-366e-4227-8611-577411edb9ca/Dries/backup/APS-what-if/software/aapsLogs/AndroidAPS._2025-12-28_01.log.zip at= 2025-12-28T00:07:00.750Z
edited old value of True in profile with enable_autoISF=False
edited old value of 0.6 in profile with smb_delivery_ratio=0.5
edited old value of 81.0 in profile with min_bg=101
edited old value of 99.0 in profile with max_bg=101
#rofile is an unrecognised array/json/keywordnot actioned: [#rofile], [target_bg], [int((profile['min_bg'] + profile['max_bg'])/2]
appended new entry to profile with tempTargetset=True
edited old value of False in profile with temptargetSet=True
edited old value of True in profile with allowSMB_with_high_temptarget=False

loop execution in row=3759 of logfile /mnt/831eaeed-366e-4227-8611-577411edb9ca/Dries/backup/APS-what-if/software/aapsLogs/AndroidAPS._2025-12-28_01.log.zip at= 2025-12-28T00:07:57.115Z
edited old value of True in profile with enable_autoISF=False
edited old value of 0.6 in profile with smb_delivery_ratio=0.5
edited old value of 81.0 in profile with min_bg=101
edited old value of 99.0 in profile with max_bg=101
#rofile is an unrecognised array/json/keywordnot actioned: [#rofile], [target_bg], [int((profile['min_bg'] + profile['max_bg'])/2]
appended new entry to profile with tempTargetset=True
edited old value of False in profile with temptargetSet=True
edited old value of True in profile with allowSMB_with_high_temptarget=False

loop execution in row=3941 of logfile /mnt/831eaeed-366e-4227-8611-577411edb9ca/Dries/backup/APS-what-if/software/aapsLogs/AndroidAPS._2025-12-28_01.log.zip at= 2025-12-28T00:08:58.532Z
edited old value of True in profile with enable_autoISF=False
edited old value of 0.6 in profile with smb_delivery_ratio=0.5
edited old value of 81.0 in profile with min_bg=101
edited old value of 99.0 in profile with max_bg=101
#rofile is an unrecognised array/json/keywordnot actioned: [#rofile], [target_bg], [int((profile['min_bg'] + profile['max_bg'])/2]
appended new entry to profile with tempTargetset=True
edited old value of False in profile with temptargetSet=True
edited old value of True in profile with allowSMB_with_high_temptarget=False

loop execution in row=4129 of logfile /mnt/831eaeed-366e-4227-8611-577411edb9ca/Dries/backup/APS-what-if/software/aapsLogs/AndroidAPS._2025-12-28_01.log.zip at= 2025-12-28T00:09:58.596Z
edited old value of True in profile with enable_autoISF=False
edited old value of 0.6 in profile with smb_delivery_ratio=0.5
edited old value of 81.0 in profile with min_bg=101
edited old value of 99.0 in profile with max_bg=101
#rofile is an unrecognised array/json/keywordnot actioned: [#rofile], [target_bg], [int((profile['min_bg'] + profile['max_bg'])/2]
appended new entry to profile with tempTargetset=True
edited old value of False in profile with temptargetSet=True
edited old value of True in profile with allowSMB_with_high_temptarget=False

loop execution in row=4346 of logfile /mnt/831eaeed-366e-4227-8611-577411edb9ca/Dries/backup/APS-what-if/software/aapsLogs/AndroidAPS._2025-12-28_01.log.zip at= 2025-12-28T00:10:59.200Z
edited old value of True in profile with enable_autoISF=False
edited old value of 0.6 in profile with smb_delivery_ratio=0.5
edited old value of 81.0 in profile with min_bg=101
edited old value of 99.0 in profile with max_bg=101
#rofile is an unrecognised array/json/keywordnot actioned: [#rofile], [target_bg], [int((profile['min_bg'] + profile['max_bg'])/2]
appended new entry to profile with tempTargetset=True
edited old value of False in profile with temptargetSet=True
edited old value of True in profile with allowSMB_with_high_temptarget=False

loop execution in row=4531 of logfile /mnt/831eaeed-366e-4227-8611-577411edb9ca/Dries/backup/APS-what-if/software/aapsLogs/AndroidAPS._2025-12-28_01.log.zip at= 2025-12-28T00:11:59.842Z
edited old value of True in profile with enable_autoISF=False
edited old value of 0.6 in profile with smb_delivery_ratio=0.5
edited old value of 81.0 in profile with min_bg=101
edited old value of 99.0 in profile with max_bg=101
#rofile is an unrecognised array/json/keywordnot actioned: [#rofile], [target_bg], [int((profile['min_bg'] + profile['max_bg'])/2]
appended new entry to profile with tempTargetset=True
edited old value of False in profile with temptargetSet=True
edited old value of True in profile with allowSMB_with_high_temptarget=False

loop execution in row=4713 of logfile /mnt/831eaeed-366e-4227-8611-577411edb9ca/Dries/backup/APS-what-if/software/aapsLogs/AndroidAPS._2025-12-28_01.log.zip at= 2025-12-28T00:13:00.044Z
edited old value of True in profile with enable_autoISF=False
edited old value of 0.6 in profile with smb_delivery_ratio=0.5
edited old value of 81.0 in profile with min_bg=101
edited old value of 99.0 in profile with max_bg=101
#rofile is an unrecognised array/json/keywordnot actioned: [#rofile], [target_bg], [int((profile['min_bg'] + profile['max_bg'])/2]
appended new entry to profile with tempTargetset=True
edited old value of False in profile with temptargetSet=True
edited old value of True in profile with allowSMB_with_high_temptarget=False

loop execution in row=4895 of logfile /mnt/831eaeed-366e-4227-8611-577411edb9ca/Dries/backup/APS-what-if/software/aapsLogs/AndroidAPS._2025-12-28_01.log.zip at= 2025-12-28T00:13:57.654Z
edited old value of True in profile with enable_autoISF=False
edited old value of 0.6 in profile with smb_delivery_ratio=0.5
edited old value of 81.0 in profile with min_bg=101
edited old value of 99.0 in profile with max_bg=101
#rofile is an unrecognised array/json/keywordnot actioned: [#rofile], [target_bg], [int((profile['min_bg'] + profile['max_bg'])/2]
appended new entry to profile with tempTargetset=True
edited old value of False in profile with temptargetSet=True
edited old value of True in profile with allowSMB_with_high_temptarget=False

loop execution in row=5083 of logfile /mnt/831eaeed-366e-4227-8611-577411edb9ca/Dries/backup/APS-what-if/software/aapsLogs/AndroidAPS._2025-12-28_01.log.zip at= 2025-12-28T00:14:59.378Z
edited old value of True in profile with enable_autoISF=False
edited old value of 0.6 in profile with smb_delivery_ratio=0.5
edited old value of 81.0 in profile with min_bg=101
edited old value of 99.0 in profile with max_bg=101
#rofile is an unrecognised array/json/keywordnot actioned: [#rofile], [target_bg], [int((profile['min_bg'] + profile['max_bg'])/2]
appended new entry to profile with tempTargetset=True
edited old value of False in profile with temptargetSet=True
edited old value of True in profile with allowSMB_with_high_temptarget=False

loop execution in row=5273 of logfile /mnt/831eaeed-366e-4227-8611-577411edb9ca/Dries/backup/APS-what-if/software/aapsLogs/AndroidAPS._2025-12-28_01.log.zip at= 2025-12-28T00:16:00.120Z
edited old value of True in profile with enable_autoISF=False
edited old value of 0.6 in profile with smb_delivery_ratio=0.5
edited old value of 81.0 in profile with min_bg=101
edited old value of 99.0 in profile with max_bg=101
#rofile is an unrecognised array/json/keywordnot actioned: [#rofile], [target_bg], [int((profile['min_bg'] + profile['max_bg'])/2]
appended new entry to profile with tempTargetset=True
edited old value of False in profile with temptargetSet=True
edited old value of True in profile with allowSMB_with_high_temptarget=False

loop execution in row=5448 of logfile /mnt/831eaeed-366e-4227-8611-577411edb9ca/Dries/backup/APS-what-if/software/aapsLogs/AndroidAPS._2025-12-28_01.log.zip at= 2025-12-28T00:17:00.260Z
edited old value of True in profile with enable_autoISF=False
edited old value of 0.6 in profile with smb_delivery_ratio=0.5
edited old value of 81.0 in profile with min_bg=101
edited old value of 99.0 in profile with max_bg=101
#rofile is an unrecognised array/json/keywordnot actioned: [#rofile], [target_bg], [int((profile['min_bg'] + profile['max_bg'])/2]
appended new entry to profile with tempTargetset=True
edited old value of False in profile with temptargetSet=True
edited old value of True in profile with allowSMB_with_high_temptarget=False

loop execution in row=5635 of logfile /mnt/831eaeed-366e-4227-8611-577411edb9ca/Dries/backup/APS-what-if/software/aapsLogs/AndroidAPS._2025-12-28_01.log.zip at= 2025-12-28T00:18:01.325Z
edited old value of True in profile with enable_autoISF=False
edited old value of 0.6 in profile with smb_delivery_ratio=0.5
edited old value of 81.0 in profile with min_bg=101
edited old value of 99.0 in profile with max_bg=101
#rofile is an unrecognised array/json/keywordnot actioned: [#rofile], [target_bg], [int((profile['min_bg'] + profile['max_bg'])/2]
appended new entry to profile with tempTargetset=True
edited old value of False in profile with temptargetSet=True
edited old value of True in profile with allowSMB_with_high_temptarget=False

loop execution in row=5822 of logfile /mnt/831eaeed-366e-4227-8611-577411edb9ca/Dries/backup/APS-what-if/software/aapsLogs/AndroidAPS._2025-12-28_01.log.zip at= 2025-12-28T00:19:02.295Z
edited old value of True in profile with enable_autoISF=False
edited old value of 0.6 in profile with smb_delivery_ratio=0.5
edited old value of 81.0 in profile with min_bg=101
edited old value of 99.0 in profile with max_bg=101
#rofile is an unrecognised array/json/keywordnot actioned: [#rofile], [target_bg], [int((profile['min_bg'] + profile['max_bg'])/2]
appended new entry to profile with tempTargetset=True
edited old value of False in profile with temptargetSet=True
edited old value of True in profile with allowSMB_with_high_temptarget=False

loop execution in row=6018 of logfile /mnt/831eaeed-366e-4227-8611-577411edb9ca/Dries/backup/APS-what-if/software/aapsLogs/AndroidAPS._2025-12-28_01.log.zip at= 2025-12-28T00:20:02.956Z
edited old value of True in profile with enable_autoISF=False
edited old value of 0.6 in profile with smb_delivery_ratio=0.5
edited old value of 81.0 in profile with min_bg=101
edited old value of 99.0 in profile with max_bg=101
#rofile is an unrecognised array/json/keywordnot actioned: [#rofile], [target_bg], [int((profile['min_bg'] + profile['max_bg'])/2]
appended new entry to profile with tempTargetset=True
edited old value of False in profile with temptargetSet=True
edited old value of True in profile with allowSMB_with_high_temptarget=False

loop execution in row=6205 of logfile /mnt/831eaeed-366e-4227-8611-577411edb9ca/Dries/backup/APS-what-if/software/aapsLogs/AndroidAPS._2025-12-28_01.log.zip at= 2025-12-28T00:21:01.938Z
edited old value of True in profile with enable_autoISF=False
edited old value of 0.6 in profile with smb_delivery_ratio=0.5
edited old value of 81.0 in profile with min_bg=101
edited old value of 99.0 in profile with max_bg=101
#rofile is an unrecognised array/json/keywordnot actioned: [#rofile], [target_bg], [int((profile['min_bg'] + profile['max_bg'])/2]
appended new entry to profile with tempTargetset=True
edited old value of False in profile with temptargetSet=True
edited old value of True in profile with allowSMB_with_high_temptarget=False

loop execution in row=6388 of logfile /mnt/831eaeed-366e-4227-8611-577411edb9ca/Dries/backup/APS-what-if/software/aapsLogs/AndroidAPS._2025-12-28_01.log.zip at= 2025-12-28T00:22:01.963Z
edited old value of True in profile with enable_autoISF=False
edited old value of 0.6 in profile with smb_delivery_ratio=0.5
edited old value of 81.0 in profile with min_bg=101
edited old value of 99.0 in profile with max_bg=101
#rofile is an unrecognised array/json/keywordnot actioned: [#rofile], [target_bg], [int((profile['min_bg'] + profile['max_bg'])/2]
appended new entry to profile with tempTargetset=True
edited old value of False in profile with temptargetSet=True
edited old value of True in profile with allowSMB_with_high_temptarget=False

loop execution in row=6576 of logfile /mnt/831eaeed-366e-4227-8611-577411edb9ca/Dries/backup/APS-what-if/software/aapsLogs/AndroidAPS._2025-12-28_01.log.zip at= 2025-12-28T00:23:03.364Z
edited old value of True in profile with enable_autoISF=False
edited old value of 0.6 in profile with smb_delivery_ratio=0.5
edited old value of 81.0 in profile with min_bg=101
edited old value of 99.0 in profile with max_bg=101
#rofile is an unrecognised array/json/keywordnot actioned: [#rofile], [target_bg], [int((profile['min_bg'] + profile['max_bg'])/2]
appended new entry to profile with tempTargetset=True
edited old value of False in profile with temptargetSet=True
edited old value of True in profile with allowSMB_with_high_temptarget=False

loop execution in row=6764 of logfile /mnt/831eaeed-366e-4227-8611-577411edb9ca/Dries/backup/APS-what-if/software/aapsLogs/AndroidAPS._2025-12-28_01.log.zip at= 2025-12-28T00:24:03.076Z
edited old value of True in profile with enable_autoISF=False
edited old value of 0.6 in profile with smb_delivery_ratio=0.5
edited old value of 81.0 in profile with min_bg=101
edited old value of 99.0 in profile with max_bg=101
#rofile is an unrecognised array/json/keywordnot actioned: [#rofile], [target_bg], [int((profile['min_bg'] + profile['max_bg'])/2]
appended new entry to profile with tempTargetset=True
edited old value of False in profile with temptargetSet=True
edited old value of True in profile with allowSMB_with_high_temptarget=False

loop execution in row=6959 of logfile /mnt/831eaeed-366e-4227-8611-577411edb9ca/Dries/backup/APS-what-if/software/aapsLogs/AndroidAPS._2025-12-28_01.log.zip at= 2025-12-28T00:25:03.228Z
edited old value of True in profile with enable_autoISF=False
edited old value of 0.6 in profile with smb_delivery_ratio=0.5
edited old value of 81.0 in profile with min_bg=101
edited old value of 99.0 in profile with max_bg=101
#rofile is an unrecognised array/json/keywordnot actioned: [#rofile], [target_bg], [int((profile['min_bg'] + profile['max_bg'])/2]
appended new entry to profile with tempTargetset=True
edited old value of False in profile with temptargetSet=True
edited old value of True in profile with allowSMB_with_high_temptarget=False

loop execution in row=7345 of logfile /mnt/831eaeed-366e-4227-8611-577411edb9ca/Dries/backup/APS-what-if/software/aapsLogs/AndroidAPS._2025-12-28_01.log.zip at= 2025-12-28T00:25:56.919Z
edited old value of True in profile with enable_autoISF=False
edited old value of 0.6 in profile with smb_delivery_ratio=0.5
edited old value of 81.0 in profile with min_bg=101
edited old value of 99.0 in profile with max_bg=101
#rofile is an unrecognised array/json/keywordnot actioned: [#rofile], [target_bg], [int((profile['min_bg'] + profile['max_bg'])/2]
appended new entry to profile with tempTargetset=True
edited old value of False in profile with temptargetSet=True
edited old value of True in profile with allowSMB_with_high_temptarget=False

loop execution in row=7565 of logfile /mnt/831eaeed-366e-4227-8611-577411edb9ca/Dries/backup/APS-what-if/software/aapsLogs/AndroidAPS._2025-12-28_01.log.zip at= 2025-12-28T00:26:59.285Z
edited old value of True in profile with enable_autoISF=False
edited old value of 0.6 in profile with smb_delivery_ratio=0.5
edited old value of 81.0 in profile with min_bg=101
edited old value of 99.0 in profile with max_bg=101
#rofile is an unrecognised array/json/keywordnot actioned: [#rofile], [target_bg], [int((profile['min_bg'] + profile['max_bg'])/2]
appended new entry to profile with tempTargetset=True
edited old value of False in profile with temptargetSet=True
edited old value of True in profile with allowSMB_with_high_temptarget=False

loop execution in row=7756 of logfile /mnt/831eaeed-366e-4227-8611-577411edb9ca/Dries/backup/APS-what-if/software/aapsLogs/AndroidAPS._2025-12-28_01.log.zip at= 2025-12-28T00:28:04.970Z
edited old value of True in profile with enable_autoISF=False
edited old value of 0.6 in profile with smb_delivery_ratio=0.5
edited old value of 81.0 in profile with min_bg=101
edited old value of 99.0 in profile with max_bg=101
#rofile is an unrecognised array/json/keywordnot actioned: [#rofile], [target_bg], [int((profile['min_bg'] + profile['max_bg'])/2]
appended new entry to profile with tempTargetset=True
edited old value of False in profile with temptargetSet=True
edited old value of True in profile with allowSMB_with_high_temptarget=False

loop execution in row=7951 of logfile /mnt/831eaeed-366e-4227-8611-577411edb9ca/Dries/backup/APS-what-if/software/aapsLogs/AndroidAPS._2025-12-28_01.log.zip at= 2025-12-28T00:29:05.909Z
edited old value of True in profile with enable_autoISF=False
edited old value of 0.6 in profile with smb_delivery_ratio=0.5
edited old value of 81.0 in profile with min_bg=101
edited old value of 99.0 in profile with max_bg=101
#rofile is an unrecognised array/json/keywordnot actioned: [#rofile], [target_bg], [int((profile['min_bg'] + profile['max_bg'])/2]
appended new entry to profile with tempTargetset=True
edited old value of False in profile with temptargetSet=True
edited old value of True in profile with allowSMB_with_high_temptarget=False

loop execution in row=8148 of logfile /mnt/831eaeed-366e-4227-8611-577411edb9ca/Dries/backup/APS-what-if/software/aapsLogs/AndroidAPS._2025-12-28_01.log.zip at= 2025-12-28T00:30:06.010Z
edited old value of True in profile with enable_autoISF=False
edited old value of 0.6 in profile with smb_delivery_ratio=0.5
edited old value of 81.0 in profile with min_bg=101
edited old value of 99.0 in profile with max_bg=101
#rofile is an unrecognised array/json/keywordnot actioned: [#rofile], [target_bg], [int((profile['min_bg'] + profile['max_bg'])/2]
appended new entry to profile with tempTargetset=True
edited old value of False in profile with temptargetSet=True
edited old value of True in profile with allowSMB_with_high_temptarget=False

loop execution in row=8357 of logfile /mnt/831eaeed-366e-4227-8611-577411edb9ca/Dries/backup/APS-what-if/software/aapsLogs/AndroidAPS._2025-12-28_01.log.zip at= 2025-12-28T00:31:06.338Z
edited old value of True in profile with enable_autoISF=False
edited old value of 0.6 in profile with smb_delivery_ratio=0.5
edited old value of 81.0 in profile with min_bg=101
edited old value of 99.0 in profile with max_bg=101
#rofile is an unrecognised array/json/keywordnot actioned: [#rofile], [target_bg], [int((profile['min_bg'] + profile['max_bg'])/2]
appended new entry to profile with tempTargetset=True
edited old value of False in profile with temptargetSet=True
edited old value of True in profile with allowSMB_with_high_temptarget=False

loop execution in row=8549 of logfile /mnt/831eaeed-366e-4227-8611-577411edb9ca/Dries/backup/APS-what-if/software/aapsLogs/AndroidAPS._2025-12-28_01.log.zip at= 2025-12-28T00:32:06.971Z
edited old value of True in profile with enable_autoISF=False
edited old value of 0.6 in profile with smb_delivery_ratio=0.5
edited old value of 81.0 in profile with min_bg=101
edited old value of 99.0 in profile with max_bg=101
#rofile is an unrecognised array/json/keywordnot actioned: [#rofile], [target_bg], [int((profile['min_bg'] + profile['max_bg'])/2]
appended new entry to profile with tempTargetset=True
edited old value of False in profile with temptargetSet=True
edited old value of True in profile with allowSMB_with_high_temptarget=False

loop execution in row=8748 of logfile /mnt/831eaeed-366e-4227-8611-577411edb9ca/Dries/backup/APS-what-if/software/aapsLogs/AndroidAPS._2025-12-28_01.log.zip at= 2025-12-28T00:33:07.052Z
edited old value of True in profile with enable_autoISF=False
edited old value of 0.6 in profile with smb_delivery_ratio=0.5
edited old value of 81.0 in profile with min_bg=101
edited old value of 99.0 in profile with max_bg=101
#rofile is an unrecognised array/json/keywordnot actioned: [#rofile], [target_bg], [int((profile['min_bg'] + profile['max_bg'])/2]
appended new entry to profile with tempTargetset=True
edited old value of False in profile with temptargetSet=True
edited old value of True in profile with allowSMB_with_high_temptarget=False

loop execution in row=8946 of logfile /mnt/831eaeed-366e-4227-8611-577411edb9ca/Dries/backup/APS-what-if/software/aapsLogs/AndroidAPS._2025-12-28_01.log.zip at= 2025-12-28T00:34:05.176Z
edited old value of True in profile with enable_autoISF=False
edited old value of 0.6 in profile with smb_delivery_ratio=0.5
edited old value of 81.0 in profile with min_bg=101
edited old value of 99.0 in profile with max_bg=101
#rofile is an unrecognised array/json/keywordnot actioned: [#rofile], [target_bg], [int((profile['min_bg'] + profile['max_bg'])/2]
appended new entry to profile with tempTargetset=True
edited old value of False in profile with temptargetSet=True
edited old value of True in profile with allowSMB_with_high_temptarget=False

loop execution in row=9150 of logfile /mnt/831eaeed-366e-4227-8611-577411edb9ca/Dries/backup/APS-what-if/software/aapsLogs/AndroidAPS._2025-12-28_01.log.zip at= 2025-12-28T00:35:08.191Z
edited old value of True in profile with enable_autoISF=False
edited old value of 0.6 in profile with smb_delivery_ratio=0.5
edited old value of 81.0 in profile with min_bg=101
edited old value of 99.0 in profile with max_bg=101
#rofile is an unrecognised array/json/keywordnot actioned: [#rofile], [target_bg], [int((profile['min_bg'] + profile['max_bg'])/2]
appended new entry to profile with tempTargetset=True
edited old value of False in profile with temptargetSet=True
edited old value of True in profile with allowSMB_with_high_temptarget=False

loop execution in row=9360 of logfile /mnt/831eaeed-366e-4227-8611-577411edb9ca/Dries/backup/APS-what-if/software/aapsLogs/AndroidAPS._2025-12-28_01.log.zip at= 2025-12-28T00:36:07.697Z
edited old value of True in profile with enable_autoISF=False
edited old value of 0.6 in profile with smb_delivery_ratio=0.5
edited old value of 81.0 in profile with min_bg=101
edited old value of 99.0 in profile with max_bg=101
#rofile is an unrecognised array/json/keywordnot actioned: [#rofile], [target_bg], [int((profile['min_bg'] + profile['max_bg'])/2]
appended new entry to profile with tempTargetset=True
edited old value of False in profile with temptargetSet=True
edited old value of True in profile with allowSMB_with_high_temptarget=False

loop execution in row=9549 of logfile /mnt/831eaeed-366e-4227-8611-577411edb9ca/Dries/backup/APS-what-if/software/aapsLogs/AndroidAPS._2025-12-28_01.log.zip at= 2025-12-28T00:37:08.573Z
edited old value of True in profile with enable_autoISF=False
edited old value of 0.6 in profile with smb_delivery_ratio=0.5
edited old value of 81.0 in profile with min_bg=101
edited old value of 99.0 in profile with max_bg=101
#rofile is an unrecognised array/json/keywordnot actioned: [#rofile], [target_bg], [int((profile['min_bg'] + profile['max_bg'])/2]
appended new entry to profile with tempTargetset=True
edited old value of False in profile with temptargetSet=True
edited old value of True in profile with allowSMB_with_high_temptarget=False

loop execution in row=10467 of logfile /mnt/831eaeed-366e-4227-8611-577411edb9ca/Dries/backup/APS-what-if/software/aapsLogs/AndroidAPS._2025-12-28_01.log.zip at= 2025-12-28T00:38:07.351Z
edited old value of True in profile with enable_autoISF=False
edited old value of 0.6 in profile with smb_delivery_ratio=0.5
edited old value of 81.0 in profile with min_bg=101
edited old value of 99.0 in profile with max_bg=101
#rofile is an unrecognised array/json/keywordnot actioned: [#rofile], [target_bg], [int((profile['min_bg'] + profile['max_bg'])/2]
appended new entry to profile with tempTargetset=True
edited old value of False in profile with temptargetSet=True
edited old value of True in profile with allowSMB_with_high_temptarget=False

loop execution in row=10794 of logfile /mnt/831eaeed-366e-4227-8611-577411edb9ca/Dries/backup/APS-what-if/software/aapsLogs/AndroidAPS._2025-12-28_01.log.zip at= 2025-12-28T00:39:07.926Z
edited old value of True in profile with enable_autoISF=False
edited old value of 0.6 in profile with smb_delivery_ratio=0.5
edited old value of 81.0 in profile with min_bg=101
edited old value of 99.0 in profile with max_bg=101
#rofile is an unrecognised array/json/keywordnot actioned: [#rofile], [target_bg], [int((profile['min_bg'] + profile['max_bg'])/2]
appended new entry to profile with tempTargetset=True
edited old value of False in profile with temptargetSet=True
edited old value of True in profile with allowSMB_with_high_temptarget=False

loop execution in row=11123 of logfile /mnt/831eaeed-366e-4227-8611-577411edb9ca/Dries/backup/APS-what-if/software/aapsLogs/AndroidAPS._2025-12-28_01.log.zip at= 2025-12-28T00:40:08.754Z
edited old value of True in profile with enable_autoISF=False
edited old value of 0.6 in profile with smb_delivery_ratio=0.5
edited old value of 81.0 in profile with min_bg=101
edited old value of 99.0 in profile with max_bg=101
#rofile is an unrecognised array/json/keywordnot actioned: [#rofile], [target_bg], [int((profile['min_bg'] + profile['max_bg'])/2]
appended new entry to profile with tempTargetset=True
edited old value of False in profile with temptargetSet=True
edited old value of True in profile with allowSMB_with_high_temptarget=False

loop execution in row=11458 of logfile /mnt/831eaeed-366e-4227-8611-577411edb9ca/Dries/backup/APS-what-if/software/aapsLogs/AndroidAPS._2025-12-28_01.log.zip at= 2025-12-28T00:41:07.074Z
edited old value of True in profile with enable_autoISF=False
edited old value of 0.6 in profile with smb_delivery_ratio=0.5
edited old value of 81.0 in profile with min_bg=101
edited old value of 99.0 in profile with max_bg=101
#rofile is an unrecognised array/json/keywordnot actioned: [#rofile], [target_bg], [int((profile['min_bg'] + profile['max_bg'])/2]
appended new entry to profile with tempTargetset=True
edited old value of False in profile with temptargetSet=True
edited old value of True in profile with allowSMB_with_high_temptarget=False

loop execution in row=11646 of logfile /mnt/831eaeed-366e-4227-8611-577411edb9ca/Dries/backup/APS-what-if/software/aapsLogs/AndroidAPS._2025-12-28_01.log.zip at= 2025-12-28T00:42:08.915Z
edited old value of True in profile with enable_autoISF=False
edited old value of 0.6 in profile with smb_delivery_ratio=0.5
edited old value of 81.0 in profile with min_bg=101
edited old value of 99.0 in profile with max_bg=101
#rofile is an unrecognised array/json/keywordnot actioned: [#rofile], [target_bg], [int((profile['min_bg'] + profile['max_bg'])/2]
appended new entry to profile with tempTargetset=True
edited old value of False in profile with temptargetSet=True
edited old value of True in profile with allowSMB_with_high_temptarget=False

loop execution in row=11838 of logfile /mnt/831eaeed-366e-4227-8611-577411edb9ca/Dries/backup/APS-what-if/software/aapsLogs/AndroidAPS._2025-12-28_01.log.zip at= 2025-12-28T00:43:08.236Z
edited old value of True in profile with enable_autoISF=False
edited old value of 0.6 in profile with smb_delivery_ratio=0.5
edited old value of 81.0 in profile with min_bg=101
edited old value of 99.0 in profile with max_bg=101
#rofile is an unrecognised array/json/keywordnot actioned: [#rofile], [target_bg], [int((profile['min_bg'] + profile['max_bg'])/2]
appended new entry to profile with tempTargetset=True
edited old value of False in profile with temptargetSet=True
edited old value of True in profile with allowSMB_with_high_temptarget=False

loop execution in row=12026 of logfile /mnt/831eaeed-366e-4227-8611-577411edb9ca/Dries/backup/APS-what-if/software/aapsLogs/AndroidAPS._2025-12-28_01.log.zip at= 2025-12-28T00:44:09.273Z
edited old value of True in profile with enable_autoISF=False
edited old value of 0.6 in profile with smb_delivery_ratio=0.5
edited old value of 81.0 in profile with min_bg=101
edited old value of 99.0 in profile with max_bg=101
#rofile is an unrecognised array/json/keywordnot actioned: [#rofile], [target_bg], [int((profile['min_bg'] + profile['max_bg'])/2]
appended new entry to profile with tempTargetset=True
edited old value of False in profile with temptargetSet=True
edited old value of True in profile with allowSMB_with_high_temptarget=False

loop execution in row=12226 of logfile /mnt/831eaeed-366e-4227-8611-577411edb9ca/Dries/backup/APS-what-if/software/aapsLogs/AndroidAPS._2025-12-28_01.log.zip at= 2025-12-28T00:45:08.591Z
edited old value of True in profile with enable_autoISF=False
edited old value of 0.6 in profile with smb_delivery_ratio=0.5
edited old value of 81.0 in profile with min_bg=101
edited old value of 99.0 in profile with max_bg=101
#rofile is an unrecognised array/json/keywordnot actioned: [#rofile], [target_bg], [int((profile['min_bg'] + profile['max_bg'])/2]
appended new entry to profile with tempTargetset=True
edited old value of False in profile with temptargetSet=True
edited old value of True in profile with allowSMB_with_high_temptarget=False

loop execution in row=12426 of logfile /mnt/831eaeed-366e-4227-8611-577411edb9ca/Dries/backup/APS-what-if/software/aapsLogs/AndroidAPS._2025-12-28_01.log.zip at= 2025-12-28T00:46:08.664Z
edited old value of True in profile with enable_autoISF=False
edited old value of 0.6 in profile with smb_delivery_ratio=0.5
edited old value of 81.0 in profile with min_bg=101
edited old value of 99.0 in profile with max_bg=101
#rofile is an unrecognised array/json/keywordnot actioned: [#rofile], [target_bg], [int((profile['min_bg'] + profile['max_bg'])/2]
appended new entry to profile with tempTargetset=True
edited old value of False in profile with temptargetSet=True
edited old value of True in profile with allowSMB_with_high_temptarget=False

loop execution in row=13276 of logfile /mnt/831eaeed-366e-4227-8611-577411edb9ca/Dries/backup/APS-what-if/software/aapsLogs/AndroidAPS._2025-12-28_01.log.zip at= 2025-12-28T00:47:14.559Z
edited old value of True in profile with enable_autoISF=False
edited old value of 0.6 in profile with smb_delivery_ratio=0.5
edited old value of 81.0 in profile with min_bg=101
edited old value of 99.0 in profile with max_bg=101
#rofile is an unrecognised array/json/keywordnot actioned: [#rofile], [target_bg], [int((profile['min_bg'] + profile['max_bg'])/2]
appended new entry to profile with tempTargetset=True
edited old value of False in profile with temptargetSet=True
edited old value of True in profile with allowSMB_with_high_temptarget=False

loop execution in row=14070 of logfile /mnt/831eaeed-366e-4227-8611-577411edb9ca/Dries/backup/APS-what-if/software/aapsLogs/AndroidAPS._2025-12-28_01.log.zip at= 2025-12-28T00:48:12.890Z
edited old value of True in profile with enable_autoISF=False
edited old value of 0.6 in profile with smb_delivery_ratio=0.5
edited old value of 81.0 in profile with min_bg=101
edited old value of 99.0 in profile with max_bg=101
#rofile is an unrecognised array/json/keywordnot actioned: [#rofile], [target_bg], [int((profile['min_bg'] + profile['max_bg'])/2]
appended new entry to profile with tempTargetset=True
edited old value of False in profile with temptargetSet=True
edited old value of True in profile with allowSMB_with_high_temptarget=False

loop execution in row=14540 of logfile /mnt/831eaeed-366e-4227-8611-577411edb9ca/Dries/backup/APS-what-if/software/aapsLogs/AndroidAPS._2025-12-28_01.log.zip at= 2025-12-28T00:49:13.248Z
edited old value of True in profile with enable_autoISF=False
edited old value of 0.6 in profile with smb_delivery_ratio=0.5
edited old value of 81.0 in profile with min_bg=101
edited old value of 99.0 in profile with max_bg=101
#rofile is an unrecognised array/json/keywordnot actioned: [#rofile], [target_bg], [int((profile['min_bg'] + profile['max_bg'])/2]
appended new entry to profile with tempTargetset=True
edited old value of False in profile with temptargetSet=True
edited old value of True in profile with allowSMB_with_high_temptarget=False

loop execution in row=15022 of logfile /mnt/831eaeed-366e-4227-8611-577411edb9ca/Dries/backup/APS-what-if/software/aapsLogs/AndroidAPS._2025-12-28_01.log.zip at= 2025-12-28T00:50:14.018Z
edited old value of True in profile with enable_autoISF=False
edited old value of 0.6 in profile with smb_delivery_ratio=0.5
edited old value of 81.0 in profile with min_bg=101
edited old value of 99.0 in profile with max_bg=101
#rofile is an unrecognised array/json/keywordnot actioned: [#rofile], [target_bg], [int((profile['min_bg'] + profile['max_bg'])/2]
appended new entry to profile with tempTargetset=True
edited old value of False in profile with temptargetSet=True
edited old value of True in profile with allowSMB_with_high_temptarget=False

loop execution in row=15414 of logfile /mnt/831eaeed-366e-4227-8611-577411edb9ca/Dries/backup/APS-what-if/software/aapsLogs/AndroidAPS._2025-12-28_01.log.zip at= 2025-12-28T00:51:14.074Z
edited old value of True in profile with enable_autoISF=False
edited old value of 0.6 in profile with smb_delivery_ratio=0.5
edited old value of 81.0 in profile with min_bg=101
edited old value of 99.0 in profile with max_bg=101
#rofile is an unrecognised array/json/keywordnot actioned: [#rofile], [target_bg], [int((profile['min_bg'] + profile['max_bg'])/2]
appended new entry to profile with tempTargetset=True
edited old value of False in profile with temptargetSet=True
edited old value of True in profile with allowSMB_with_high_temptarget=False

loop execution in row=16324 of logfile /mnt/831eaeed-366e-4227-8611-577411edb9ca/Dries/backup/APS-what-if/software/aapsLogs/AndroidAPS._2025-12-28_01.log.zip at= 2025-12-28T00:52:14.725Z
edited old value of True in profile with enable_autoISF=False
edited old value of 0.6 in profile with smb_delivery_ratio=0.5
edited old value of 81.0 in profile with min_bg=101
edited old value of 99.0 in profile with max_bg=101
#rofile is an unrecognised array/json/keywordnot actioned: [#rofile], [target_bg], [int((profile['min_bg'] + profile['max_bg'])/2]
appended new entry to profile with tempTargetset=True
edited old value of False in profile with temptargetSet=True
edited old value of True in profile with allowSMB_with_high_temptarget=False

loop execution in row=17107 of logfile /mnt/831eaeed-366e-4227-8611-577411edb9ca/Dries/backup/APS-what-if/software/aapsLogs/AndroidAPS._2025-12-28_01.log.zip at= 2025-12-28T00:53:15.721Z
edited old value of True in profile with enable_autoISF=False
edited old value of 0.6 in profile with smb_delivery_ratio=0.5
edited old value of 81.0 in profile with min_bg=101
edited old value of 99.0 in profile with max_bg=101
#rofile is an unrecognised array/json/keywordnot actioned: [#rofile], [target_bg], [int((profile['min_bg'] + profile['max_bg'])/2]
appended new entry to profile with tempTargetset=True
edited old value of False in profile with temptargetSet=True
edited old value of True in profile with allowSMB_with_high_temptarget=False

loop execution in row=17865 of logfile /mnt/831eaeed-366e-4227-8611-577411edb9ca/Dries/backup/APS-what-if/software/aapsLogs/AndroidAPS._2025-12-28_01.log.zip at= 2025-12-28T00:54:12.593Z
edited old value of True in profile with enable_autoISF=False
edited old value of 0.6 in profile with smb_delivery_ratio=0.5
edited old value of 81.0 in profile with min_bg=101
edited old value of 99.0 in profile with max_bg=101
#rofile is an unrecognised array/json/keywordnot actioned: [#rofile], [target_bg], [int((profile['min_bg'] + profile['max_bg'])/2]
appended new entry to profile with tempTargetset=True
edited old value of False in profile with temptargetSet=True
edited old value of True in profile with allowSMB_with_high_temptarget=False

loop execution in row=18618 of logfile /mnt/831eaeed-366e-4227-8611-577411edb9ca/Dries/backup/APS-what-if/software/aapsLogs/AndroidAPS._2025-12-28_01.log.zip at= 2025-12-28T00:55:11.798Z
edited old value of True in profile with enable_autoISF=False
edited old value of 0.6 in profile with smb_delivery_ratio=0.5
edited old value of 81.0 in profile with min_bg=101
edited old value of 99.0 in profile with max_bg=101
#rofile is an unrecognised array/json/keywordnot actioned: [#rofile], [target_bg], [int((profile['min_bg'] + profile['max_bg'])/2]
appended new entry to profile with tempTargetset=True
edited old value of False in profile with temptargetSet=True
edited old value of True in profile with allowSMB_with_high_temptarget=False

loop execution in row=18954 of logfile /mnt/831eaeed-366e-4227-8611-577411edb9ca/Dries/backup/APS-what-if/software/aapsLogs/AndroidAPS._2025-12-28_01.log.zip at= 2025-12-28T00:56:12.196Z
edited old value of True in profile with enable_autoISF=False
edited old value of 0.6 in profile with smb_delivery_ratio=0.5
edited old value of 81.0 in profile with min_bg=101
edited old value of 99.0 in profile with max_bg=101
#rofile is an unrecognised array/json/keywordnot actioned: [#rofile], [target_bg], [int((profile['min_bg'] + profile['max_bg'])/2]
appended new entry to profile with tempTargetset=True
edited old value of False in profile with temptargetSet=True
edited old value of True in profile with allowSMB_with_high_temptarget=False

loop execution in row=19296 of logfile /mnt/831eaeed-366e-4227-8611-577411edb9ca/Dries/backup/APS-what-if/software/aapsLogs/AndroidAPS._2025-12-28_01.log.zip at= 2025-12-28T00:57:12.295Z
edited old value of True in profile with enable_autoISF=False
edited old value of 0.6 in profile with smb_delivery_ratio=0.5
edited old value of 81.0 in profile with min_bg=101
edited old value of 99.0 in profile with max_bg=101
#rofile is an unrecognised array/json/keywordnot actioned: [#rofile], [target_bg], [int((profile['min_bg'] + profile['max_bg'])/2]
appended new entry to profile with tempTargetset=True
edited old value of False in profile with temptargetSet=True
edited old value of True in profile with allowSMB_with_high_temptarget=False

loop execution in row=19643 of logfile /mnt/831eaeed-366e-4227-8611-577411edb9ca/Dries/backup/APS-what-if/software/aapsLogs/AndroidAPS._2025-12-28_01.log.zip at= 2025-12-28T00:58:12.640Z
edited old value of True in profile with enable_autoISF=False
edited old value of 0.6 in profile with smb_delivery_ratio=0.5
edited old value of 81.0 in profile with min_bg=101
edited old value of 99.0 in profile with max_bg=101
#rofile is an unrecognised array/json/keywordnot actioned: [#rofile], [target_bg], [int((profile['min_bg'] + profile['max_bg'])/2]
appended new entry to profile with tempTargetset=True
edited old value of False in profile with temptargetSet=True
edited old value of True in profile with allowSMB_with_high_temptarget=False

loop execution in row=19976 of logfile /mnt/831eaeed-366e-4227-8611-577411edb9ca/Dries/backup/APS-what-if/software/aapsLogs/AndroidAPS._2025-12-28_01.log.zip at= 2025-12-28T00:59:13.080Z
edited old value of True in profile with enable_autoISF=False
edited old value of 0.6 in profile with smb_delivery_ratio=0.5
edited old value of 81.0 in profile with min_bg=101
edited old value of 99.0 in profile with max_bg=101
#rofile is an unrecognised array/json/keywordnot actioned: [#rofile], [target_bg], [int((profile['min_bg'] + profile['max_bg'])/2]
appended new entry to profile with tempTargetset=True
edited old value of False in profile with temptargetSet=True
edited old value of True in profile with allowSMB_with_high_temptarget=False

========== Echo of what-if definitions actioned for variant Demo_Sports_Adaptations
========== created on Sun, 11 Jan 2026 15:17:37 +0100
========== for loop events found in logfile /mnt/831eaeed-366e-4227-8611-577411edb9ca/Dries/backup/APS-what-if/software/aapsLogs/AndroidAPS._2025-12-28_02.log.zip

loop execution in row=194 of logfile /mnt/831eaeed-366e-4227-8611-577411edb9ca/Dries/backup/APS-what-if/software/aapsLogs/AndroidAPS._2025-12-28_02.log.zip at= 2025-12-28T01:00:13.260Z
edited old value of True in profile with enable_autoISF=False
edited old value of 0.6 in profile with smb_delivery_ratio=0.5
edited old value of 81.0 in profile with min_bg=101
edited old value of 99.0 in profile with max_bg=101
#rofile is an unrecognised array/json/keywordnot actioned: [#rofile], [target_bg], [int((profile['min_bg'] + profile['max_bg'])/2]
appended new entry to profile with tempTargetset=True
edited old value of False in profile with temptargetSet=True
edited old value of True in profile with allowSMB_with_high_temptarget=False

loop execution in row=510 of logfile /mnt/831eaeed-366e-4227-8611-577411edb9ca/Dries/backup/APS-what-if/software/aapsLogs/AndroidAPS._2025-12-28_02.log.zip at= 2025-12-28T01:01:15.032Z
edited old value of True in profile with enable_autoISF=False
edited old value of 0.6 in profile with smb_delivery_ratio=0.5
edited old value of 81.0 in profile with min_bg=101
edited old value of 99.0 in profile with max_bg=101
#rofile is an unrecognised array/json/keywordnot actioned: [#rofile], [target_bg], [int((profile['min_bg'] + profile['max_bg'])/2]
appended new entry to profile with tempTargetset=True
edited old value of False in profile with temptargetSet=True
edited old value of True in profile with allowSMB_with_high_temptarget=False

loop execution in row=857 of logfile /mnt/831eaeed-366e-4227-8611-577411edb9ca/Dries/backup/APS-what-if/software/aapsLogs/AndroidAPS._2025-12-28_02.log.zip at= 2025-12-28T01:02:16.175Z
edited old value of True in profile with enable_autoISF=False
edited old value of 0.6 in profile with smb_delivery_ratio=0.5
edited old value of 81.0 in profile with min_bg=101
edited old value of 99.0 in profile with max_bg=101
#rofile is an unrecognised array/json/keywordnot actioned: [#rofile], [target_bg], [int((profile['min_bg'] + profile['max_bg'])/2]
appended new entry to profile with tempTargetset=True
edited old value of False in profile with temptargetSet=True
edited old value of True in profile with allowSMB_with_high_temptarget=False

loop execution in row=1167 of logfile /mnt/831eaeed-366e-4227-8611-577411edb9ca/Dries/backup/APS-what-if/software/aapsLogs/AndroidAPS._2025-12-28_02.log.zip at= 2025-12-28T01:03:17.053Z
edited old value of True in profile with enable_autoISF=False
edited old value of 0.6 in profile with smb_delivery_ratio=0.5
edited old value of 81.0 in profile with min_bg=101
edited old value of 99.0 in profile with max_bg=101
#rofile is an unrecognised array/json/keywordnot actioned: [#rofile], [target_bg], [int((profile['min_bg'] + profile['max_bg'])/2]
appended new entry to profile with tempTargetset=True
edited old value of False in profile with temptargetSet=True
edited old value of True in profile with allowSMB_with_high_temptarget=False

loop execution in row=1511 of logfile /mnt/831eaeed-366e-4227-8611-577411edb9ca/Dries/backup/APS-what-if/software/aapsLogs/AndroidAPS._2025-12-28_02.log.zip at= 2025-12-28T01:04:17.774Z
edited old value of True in profile with enable_autoISF=False
edited old value of 0.6 in profile with smb_delivery_ratio=0.5
edited old value of 81.0 in profile with min_bg=101
edited old value of 99.0 in profile with max_bg=101
#rofile is an unrecognised array/json/keywordnot actioned: [#rofile], [target_bg], [int((profile['min_bg'] + profile['max_bg'])/2]
appended new entry to profile with tempTargetset=True
edited old value of False in profile with temptargetSet=True
edited old value of True in profile with allowSMB_with_high_temptarget=False

loop execution in row=1893 of logfile /mnt/831eaeed-366e-4227-8611-577411edb9ca/Dries/backup/APS-what-if/software/aapsLogs/AndroidAPS._2025-12-28_02.log.zip at= 2025-12-28T01:05:17.727Z
edited old value of True in profile with enable_autoISF=False
edited old value of 0.6 in profile with smb_delivery_ratio=0.5
edited old value of 81.0 in profile with min_bg=101
edited old value of 99.0 in profile with max_bg=101
#rofile is an unrecognised array/json/keywordnot actioned: [#rofile], [target_bg], [int((profile['min_bg'] + profile['max_bg'])/2]
appended new entry to profile with tempTargetset=True
edited old value of False in profile with temptargetSet=True
edited old value of True in profile with allowSMB_with_high_temptarget=False

loop execution in row=2331 of logfile /mnt/831eaeed-366e-4227-8611-577411edb9ca/Dries/backup/APS-what-if/software/aapsLogs/AndroidAPS._2025-12-28_02.log.zip at= 2025-12-28T01:06:18.436Z
edited old value of True in profile with enable_autoISF=False
edited old value of 0.6 in profile with smb_delivery_ratio=0.5
edited old value of 81.0 in profile with min_bg=101
edited old value of 99.0 in profile with max_bg=101
#rofile is an unrecognised array/json/keywordnot actioned: [#rofile], [target_bg], [int((profile['min_bg'] + profile['max_bg'])/2]
appended new entry to profile with tempTargetset=True
edited old value of False in profile with temptargetSet=True
edited old value of True in profile with allowSMB_with_high_temptarget=False

loop execution in row=2681 of logfile /mnt/831eaeed-366e-4227-8611-577411edb9ca/Dries/backup/APS-what-if/software/aapsLogs/AndroidAPS._2025-12-28_02.log.zip at= 2025-12-28T01:07:19.054Z
edited old value of True in profile with enable_autoISF=False
edited old value of 0.6 in profile with smb_delivery_ratio=0.5
edited old value of 81.0 in profile with min_bg=101
edited old value of 99.0 in profile with max_bg=101
#rofile is an unrecognised array/json/keywordnot actioned: [#rofile], [target_bg], [int((profile['min_bg'] + profile['max_bg'])/2]
appended new entry to profile with tempTargetset=True
edited old value of False in profile with temptargetSet=True
edited old value of True in profile with allowSMB_with_high_temptarget=False

loop execution in row=3054 of logfile /mnt/831eaeed-366e-4227-8611-577411edb9ca/Dries/backup/APS-what-if/software/aapsLogs/AndroidAPS._2025-12-28_02.log.zip at= 2025-12-28T01:08:19.360Z
edited old value of True in profile with enable_autoISF=False
edited old value of 0.6 in profile with smb_delivery_ratio=0.5
edited old value of 81.0 in profile with min_bg=101
edited old value of 99.0 in profile with max_bg=101
#rofile is an unrecognised array/json/keywordnot actioned: [#rofile], [target_bg], [int((profile['min_bg'] + profile['max_bg'])/2]
appended new entry to profile with tempTargetset=True
edited old value of False in profile with temptargetSet=True
edited old value of True in profile with allowSMB_with_high_temptarget=False

loop execution in row=3398 of logfile /mnt/831eaeed-366e-4227-8611-577411edb9ca/Dries/backup/APS-what-if/software/aapsLogs/AndroidAPS._2025-12-28_02.log.zip at= 2025-12-28T01:09:18.519Z
edited old value of True in profile with enable_autoISF=False
edited old value of 0.6 in profile with smb_delivery_ratio=0.5
edited old value of 81.0 in profile with min_bg=101
edited old value of 99.0 in profile with max_bg=101
#rofile is an unrecognised array/json/keywordnot actioned: [#rofile], [target_bg], [int((profile['min_bg'] + profile['max_bg'])/2]
appended new entry to profile with tempTargetset=True
edited old value of False in profile with temptargetSet=True
edited old value of True in profile with allowSMB_with_high_temptarget=False

loop execution in row=3902 of logfile /mnt/831eaeed-366e-4227-8611-577411edb9ca/Dries/backup/APS-what-if/software/aapsLogs/AndroidAPS._2025-12-28_02.log.zip at= 2025-12-28T01:10:17.552Z
edited old value of True in profile with enable_autoISF=False
edited old value of 0.6 in profile with smb_delivery_ratio=0.5
edited old value of 81.0 in profile with min_bg=101
edited old value of 99.0 in profile with max_bg=101
#rofile is an unrecognised array/json/keywordnot actioned: [#rofile], [target_bg], [int((profile['min_bg'] + profile['max_bg'])/2]
appended new entry to profile with tempTargetset=True
edited old value of False in profile with temptargetSet=True
edited old value of True in profile with allowSMB_with_high_temptarget=False

loop execution in row=4258 of logfile /mnt/831eaeed-366e-4227-8611-577411edb9ca/Dries/backup/APS-what-if/software/aapsLogs/AndroidAPS._2025-12-28_02.log.zip at= 2025-12-28T01:11:18.109Z
edited old value of True in profile with enable_autoISF=False
edited old value of 0.6 in profile with smb_delivery_ratio=0.5
edited old value of 81.0 in profile with min_bg=101
edited old value of 99.0 in profile with max_bg=101
#rofile is an unrecognised array/json/keywordnot actioned: [#rofile], [target_bg], [int((profile['min_bg'] + profile['max_bg'])/2]
appended new entry to profile with tempTargetset=True
edited old value of False in profile with temptargetSet=True
edited old value of True in profile with allowSMB_with_high_temptarget=False

loop execution in row=4632 of logfile /mnt/831eaeed-366e-4227-8611-577411edb9ca/Dries/backup/APS-what-if/software/aapsLogs/AndroidAPS._2025-12-28_02.log.zip at= 2025-12-28T01:12:18.787Z
edited old value of True in profile with enable_autoISF=False
edited old value of 0.6 in profile with smb_delivery_ratio=0.5
edited old value of 81.0 in profile with min_bg=101
edited old value of 99.0 in profile with max_bg=101
#rofile is an unrecognised array/json/keywordnot actioned: [#rofile], [target_bg], [int((profile['min_bg'] + profile['max_bg'])/2]
appended new entry to profile with tempTargetset=True
edited old value of False in profile with temptargetSet=True
edited old value of True in profile with allowSMB_with_high_temptarget=False

loop execution in row=4987 of logfile /mnt/831eaeed-366e-4227-8611-577411edb9ca/Dries/backup/APS-what-if/software/aapsLogs/AndroidAPS._2025-12-28_02.log.zip at= 2025-12-28T01:13:18.282Z
edited old value of True in profile with enable_autoISF=False
edited old value of 0.6 in profile with smb_delivery_ratio=0.5
edited old value of 81.0 in profile with min_bg=101
edited old value of 99.0 in profile with max_bg=101
#rofile is an unrecognised array/json/keywordnot actioned: [#rofile], [target_bg], [int((profile['min_bg'] + profile['max_bg'])/2]
appended new entry to profile with tempTargetset=True
edited old value of False in profile with temptargetSet=True
edited old value of True in profile with allowSMB_with_high_temptarget=False

loop execution in row=5346 of logfile /mnt/831eaeed-366e-4227-8611-577411edb9ca/Dries/backup/APS-what-if/software/aapsLogs/AndroidAPS._2025-12-28_02.log.zip at= 2025-12-28T01:14:20.766Z
edited old value of True in profile with enable_autoISF=False
edited old value of 0.6 in profile with smb_delivery_ratio=0.5
edited old value of 81.0 in profile with min_bg=101
edited old value of 99.0 in profile with max_bg=101
#rofile is an unrecognised array/json/keywordnot actioned: [#rofile], [target_bg], [int((profile['min_bg'] + profile['max_bg'])/2]
appended new entry to profile with tempTargetset=True
edited old value of False in profile with temptargetSet=True
edited old value of True in profile with allowSMB_with_high_temptarget=False

loop execution in row=5718 of logfile /mnt/831eaeed-366e-4227-8611-577411edb9ca/Dries/backup/APS-what-if/software/aapsLogs/AndroidAPS._2025-12-28_02.log.zip at= 2025-12-28T01:15:19.871Z
edited old value of True in profile with enable_autoISF=False
edited old value of 0.6 in profile with smb_delivery_ratio=0.5
edited old value of 81.0 in profile with min_bg=101
edited old value of 99.0 in profile with max_bg=101
#rofile is an unrecognised array/json/keywordnot actioned: [#rofile], [target_bg], [int((profile['min_bg'] + profile['max_bg'])/2]
appended new entry to profile with tempTargetset=True
edited old value of False in profile with temptargetSet=True
edited old value of True in profile with allowSMB_with_high_temptarget=False

loop execution in row=6064 of logfile /mnt/831eaeed-366e-4227-8611-577411edb9ca/Dries/backup/APS-what-if/software/aapsLogs/AndroidAPS._2025-12-28_02.log.zip at= 2025-12-28T01:16:20.109Z
edited old value of True in profile with enable_autoISF=False
edited old value of 0.6 in profile with smb_delivery_ratio=0.5
edited old value of 81.0 in profile with min_bg=101
edited old value of 99.0 in profile with max_bg=101
#rofile is an unrecognised array/json/keywordnot actioned: [#rofile], [target_bg], [int((profile['min_bg'] + profile['max_bg'])/2]
appended new entry to profile with tempTargetset=True
edited old value of False in profile with temptargetSet=True
edited old value of True in profile with allowSMB_with_high_temptarget=False

loop execution in row=6378 of logfile /mnt/831eaeed-366e-4227-8611-577411edb9ca/Dries/backup/APS-what-if/software/aapsLogs/AndroidAPS._2025-12-28_02.log.zip at= 2025-12-28T01:17:20.757Z
edited old value of True in profile with enable_autoISF=False
edited old value of 0.6 in profile with smb_delivery_ratio=0.5
edited old value of 81.0 in profile with min_bg=101
edited old value of 99.0 in profile with max_bg=101
#rofile is an unrecognised array/json/keywordnot actioned: [#rofile], [target_bg], [int((profile['min_bg'] + profile['max_bg'])/2]
appended new entry to profile with tempTargetset=True
edited old value of False in profile with temptargetSet=True
edited old value of True in profile with allowSMB_with_high_temptarget=False

loop execution in row=6725 of logfile /mnt/831eaeed-366e-4227-8611-577411edb9ca/Dries/backup/APS-what-if/software/aapsLogs/AndroidAPS._2025-12-28_02.log.zip at= 2025-12-28T01:18:21.172Z
edited old value of True in profile with enable_autoISF=False
edited old value of 0.6 in profile with smb_delivery_ratio=0.5
edited old value of 81.0 in profile with min_bg=101
edited old value of 99.0 in profile with max_bg=101
#rofile is an unrecognised array/json/keywordnot actioned: [#rofile], [target_bg], [int((profile['min_bg'] + profile['max_bg'])/2]
appended new entry to profile with tempTargetset=True
edited old value of False in profile with temptargetSet=True
edited old value of True in profile with allowSMB_with_high_temptarget=False

loop execution in row=7050 of logfile /mnt/831eaeed-366e-4227-8611-577411edb9ca/Dries/backup/APS-what-if/software/aapsLogs/AndroidAPS._2025-12-28_02.log.zip at= 2025-12-28T01:19:20.997Z
edited old value of True in profile with enable_autoISF=False
edited old value of 0.6 in profile with smb_delivery_ratio=0.5
edited old value of 81.0 in profile with min_bg=101
edited old value of 99.0 in profile with max_bg=101
#rofile is an unrecognised array/json/keywordnot actioned: [#rofile], [target_bg], [int((profile['min_bg'] + profile['max_bg'])/2]
appended new entry to profile with tempTargetset=True
edited old value of False in profile with temptargetSet=True
edited old value of True in profile with allowSMB_with_high_temptarget=False

loop execution in row=7425 of logfile /mnt/831eaeed-366e-4227-8611-577411edb9ca/Dries/backup/APS-what-if/software/aapsLogs/AndroidAPS._2025-12-28_02.log.zip at= 2025-12-28T01:20:21.689Z
edited old value of True in profile with enable_autoISF=False
edited old value of 0.6 in profile with smb_delivery_ratio=0.5
edited old value of 81.0 in profile with min_bg=101
edited old value of 99.0 in profile with max_bg=101
#rofile is an unrecognised array/json/keywordnot actioned: [#rofile], [target_bg], [int((profile['min_bg'] + profile['max_bg'])/2]
appended new entry to profile with tempTargetset=True
edited old value of False in profile with temptargetSet=True
edited old value of True in profile with allowSMB_with_high_temptarget=False

loop execution in row=7756 of logfile /mnt/831eaeed-366e-4227-8611-577411edb9ca/Dries/backup/APS-what-if/software/aapsLogs/AndroidAPS._2025-12-28_02.log.zip at= 2025-12-28T01:21:22.132Z
edited old value of True in profile with enable_autoISF=False
edited old value of 0.6 in profile with smb_delivery_ratio=0.5
edited old value of 81.0 in profile with min_bg=101
edited old value of 99.0 in profile with max_bg=101
#rofile is an unrecognised array/json/keywordnot actioned: [#rofile], [target_bg], [int((profile['min_bg'] + profile['max_bg'])/2]
appended new entry to profile with tempTargetset=True
edited old value of False in profile with temptargetSet=True
edited old value of True in profile with allowSMB_with_high_temptarget=False

loop execution in row=8092 of logfile /mnt/831eaeed-366e-4227-8611-577411edb9ca/Dries/backup/APS-what-if/software/aapsLogs/AndroidAPS._2025-12-28_02.log.zip at= 2025-12-28T01:22:22.329Z
edited old value of True in profile with enable_autoISF=False
edited old value of 0.6 in profile with smb_delivery_ratio=0.5
edited old value of 81.0 in profile with min_bg=101
edited old value of 99.0 in profile with max_bg=101
#rofile is an unrecognised array/json/keywordnot actioned: [#rofile], [target_bg], [int((profile['min_bg'] + profile['max_bg'])/2]
appended new entry to profile with tempTargetset=True
edited old value of False in profile with temptargetSet=True
edited old value of True in profile with allowSMB_with_high_temptarget=False

loop execution in row=8532 of logfile /mnt/831eaeed-366e-4227-8611-577411edb9ca/Dries/backup/APS-what-if/software/aapsLogs/AndroidAPS._2025-12-28_02.log.zip at= 2025-12-28T01:23:20.642Z
edited old value of True in profile with enable_autoISF=False
edited old value of 0.6 in profile with smb_delivery_ratio=0.5
edited old value of 81.0 in profile with min_bg=101
edited old value of 99.0 in profile with max_bg=101
#rofile is an unrecognised array/json/keywordnot actioned: [#rofile], [target_bg], [int((profile['min_bg'] + profile['max_bg'])/2]
appended new entry to profile with tempTargetset=True
edited old value of False in profile with temptargetSet=True
edited old value of True in profile with allowSMB_with_high_temptarget=False

loop execution in row=8949 of logfile /mnt/831eaeed-366e-4227-8611-577411edb9ca/Dries/backup/APS-what-if/software/aapsLogs/AndroidAPS._2025-12-28_02.log.zip at= 2025-12-28T01:24:21.261Z
edited old value of True in profile with enable_autoISF=False
edited old value of 0.6 in profile with smb_delivery_ratio=0.5
edited old value of 81.0 in profile with min_bg=101
edited old value of 99.0 in profile with max_bg=101
#rofile is an unrecognised array/json/keywordnot actioned: [#rofile], [target_bg], [int((profile['min_bg'] + profile['max_bg'])/2]
appended new entry to profile with tempTargetset=True
edited old value of False in profile with temptargetSet=True
edited old value of True in profile with allowSMB_with_high_temptarget=False

loop execution in row=9333 of logfile /mnt/831eaeed-366e-4227-8611-577411edb9ca/Dries/backup/APS-what-if/software/aapsLogs/AndroidAPS._2025-12-28_02.log.zip at= 2025-12-28T01:25:23.477Z
edited old value of True in profile with enable_autoISF=False
edited old value of 0.6 in profile with smb_delivery_ratio=0.5
edited old value of 81.0 in profile with min_bg=101
edited old value of 99.0 in profile with max_bg=101
#rofile is an unrecognised array/json/keywordnot actioned: [#rofile], [target_bg], [int((profile['min_bg'] + profile['max_bg'])/2]
appended new entry to profile with tempTargetset=True
edited old value of False in profile with temptargetSet=True
edited old value of True in profile with allowSMB_with_high_temptarget=False

loop execution in row=9627 of logfile /mnt/831eaeed-366e-4227-8611-577411edb9ca/Dries/backup/APS-what-if/software/aapsLogs/AndroidAPS._2025-12-28_02.log.zip at= 2025-12-28T01:26:24.218Z
edited old value of True in profile with enable_autoISF=False
edited old value of 0.6 in profile with smb_delivery_ratio=0.5
edited old value of 81.0 in profile with min_bg=101
edited old value of 99.0 in profile with max_bg=101
#rofile is an unrecognised array/json/keywordnot actioned: [#rofile], [target_bg], [int((profile['min_bg'] + profile['max_bg'])/2]
appended new entry to profile with tempTargetset=True
edited old value of False in profile with temptargetSet=True
edited old value of True in profile with allowSMB_with_high_temptarget=False

loop execution in row=10671 of logfile /mnt/831eaeed-366e-4227-8611-577411edb9ca/Dries/backup/APS-what-if/software/aapsLogs/AndroidAPS._2025-12-28_02.log.zip at= 2025-12-28T01:27:22.118Z
edited old value of True in profile with enable_autoISF=False
edited old value of 0.6 in profile with smb_delivery_ratio=0.5
edited old value of 81.0 in profile with min_bg=101
edited old value of 99.0 in profile with max_bg=101
#rofile is an unrecognised array/json/keywordnot actioned: [#rofile], [target_bg], [int((profile['min_bg'] + profile['max_bg'])/2]
appended new entry to profile with tempTargetset=True
edited old value of False in profile with temptargetSet=True
edited old value of True in profile with allowSMB_with_high_temptarget=False

loop execution in row=11169 of logfile /mnt/831eaeed-366e-4227-8611-577411edb9ca/Dries/backup/APS-what-if/software/aapsLogs/AndroidAPS._2025-12-28_02.log.zip at= 2025-12-28T01:28:24.060Z
edited old value of True in profile with enable_autoISF=False
edited old value of 0.6 in profile with smb_delivery_ratio=0.5
edited old value of 81.0 in profile with min_bg=101
edited old value of 99.0 in profile with max_bg=101
#rofile is an unrecognised array/json/keywordnot actioned: [#rofile], [target_bg], [int((profile['min_bg'] + profile['max_bg'])/2]
appended new entry to profile with tempTargetset=True
edited old value of False in profile with temptargetSet=True
edited old value of True in profile with allowSMB_with_high_temptarget=False

loop execution in row=11678 of logfile /mnt/831eaeed-366e-4227-8611-577411edb9ca/Dries/backup/APS-what-if/software/aapsLogs/AndroidAPS._2025-12-28_02.log.zip at= 2025-12-28T01:29:25.205Z
edited old value of True in profile with enable_autoISF=False
edited old value of 0.6 in profile with smb_delivery_ratio=0.5
edited old value of 81.0 in profile with min_bg=101
edited old value of 99.0 in profile with max_bg=101
#rofile is an unrecognised array/json/keywordnot actioned: [#rofile], [target_bg], [int((profile['min_bg'] + profile['max_bg'])/2]
appended new entry to profile with tempTargetset=True
edited old value of False in profile with temptargetSet=True
edited old value of True in profile with allowSMB_with_high_temptarget=False

loop execution in row=12176 of logfile /mnt/831eaeed-366e-4227-8611-577411edb9ca/Dries/backup/APS-what-if/software/aapsLogs/AndroidAPS._2025-12-28_02.log.zip at= 2025-12-28T01:30:25.970Z
edited old value of True in profile with enable_autoISF=False
edited old value of 0.6 in profile with smb_delivery_ratio=0.5
edited old value of 81.0 in profile with min_bg=101
edited old value of 99.0 in profile with max_bg=101
#rofile is an unrecognised array/json/keywordnot actioned: [#rofile], [target_bg], [int((profile['min_bg'] + profile['max_bg'])/2]
appended new entry to profile with tempTargetset=True
edited old value of False in profile with temptargetSet=True
edited old value of True in profile with allowSMB_with_high_temptarget=False

loop execution in row=12492 of logfile /mnt/831eaeed-366e-4227-8611-577411edb9ca/Dries/backup/APS-what-if/software/aapsLogs/AndroidAPS._2025-12-28_02.log.zip at= 2025-12-28T01:31:25.232Z
edited old value of True in profile with enable_autoISF=False
edited old value of 0.6 in profile with smb_delivery_ratio=0.5
edited old value of 81.0 in profile with min_bg=101
edited old value of 99.0 in profile with max_bg=101
#rofile is an unrecognised array/json/keywordnot actioned: [#rofile], [target_bg], [int((profile['min_bg'] + profile['max_bg'])/2]
appended new entry to profile with tempTargetset=True
edited old value of False in profile with temptargetSet=True
edited old value of True in profile with allowSMB_with_high_temptarget=False

loop execution in row=12830 of logfile /mnt/831eaeed-366e-4227-8611-577411edb9ca/Dries/backup/APS-what-if/software/aapsLogs/AndroidAPS._2025-12-28_02.log.zip at= 2025-12-28T01:32:26.154Z
edited old value of True in profile with enable_autoISF=False
edited old value of 0.6 in profile with smb_delivery_ratio=0.5
edited old value of 81.0 in profile with min_bg=101
edited old value of 99.0 in profile with max_bg=101
#rofile is an unrecognised array/json/keywordnot actioned: [#rofile], [target_bg], [int((profile['min_bg'] + profile['max_bg'])/2]
appended new entry to profile with tempTargetset=True
edited old value of False in profile with temptargetSet=True
edited old value of True in profile with allowSMB_with_high_temptarget=False

loop execution in row=13169 of logfile /mnt/831eaeed-366e-4227-8611-577411edb9ca/Dries/backup/APS-what-if/software/aapsLogs/AndroidAPS._2025-12-28_02.log.zip at= 2025-12-28T01:33:26.487Z
edited old value of True in profile with enable_autoISF=False
edited old value of 0.6 in profile with smb_delivery_ratio=0.5
edited old value of 81.0 in profile with min_bg=101
edited old value of 99.0 in profile with max_bg=101
#rofile is an unrecognised array/json/keywordnot actioned: [#rofile], [target_bg], [int((profile['min_bg'] + profile['max_bg'])/2]
appended new entry to profile with tempTargetset=True
edited old value of False in profile with temptargetSet=True
edited old value of True in profile with allowSMB_with_high_temptarget=False

loop execution in row=13524 of logfile /mnt/831eaeed-366e-4227-8611-577411edb9ca/Dries/backup/APS-what-if/software/aapsLogs/AndroidAPS._2025-12-28_02.log.zip at= 2025-12-28T01:34:26.947Z
edited old value of True in profile with enable_autoISF=False
edited old value of 0.6 in profile with smb_delivery_ratio=0.5
edited old value of 81.0 in profile with min_bg=101
edited old value of 99.0 in profile with max_bg=101
#rofile is an unrecognised array/json/keywordnot actioned: [#rofile], [target_bg], [int((profile['min_bg'] + profile['max_bg'])/2]
appended new entry to profile with tempTargetset=True
edited old value of False in profile with temptargetSet=True
edited old value of True in profile with allowSMB_with_high_temptarget=False

loop execution in row=14297 of logfile /mnt/831eaeed-366e-4227-8611-577411edb9ca/Dries/backup/APS-what-if/software/aapsLogs/AndroidAPS._2025-12-28_02.log.zip at= 2025-12-28T01:35:30.337Z
edited old value of True in profile with enable_autoISF=False
edited old value of 0.6 in profile with smb_delivery_ratio=0.5
edited old value of 81.0 in profile with min_bg=101
edited old value of 99.0 in profile with max_bg=101
#rofile is an unrecognised array/json/keywordnot actioned: [#rofile], [target_bg], [int((profile['min_bg'] + profile['max_bg'])/2]
appended new entry to profile with tempTargetset=True
edited old value of False in profile with temptargetSet=True
edited old value of True in profile with allowSMB_with_high_temptarget=False

loop execution in row=15298 of logfile /mnt/831eaeed-366e-4227-8611-577411edb9ca/Dries/backup/APS-what-if/software/aapsLogs/AndroidAPS._2025-12-28_02.log.zip at= 2025-12-28T01:36:30.954Z
edited old value of True in profile with enable_autoISF=False
edited old value of 0.6 in profile with smb_delivery_ratio=0.5
edited old value of 81.0 in profile with min_bg=101
edited old value of 99.0 in profile with max_bg=101
#rofile is an unrecognised array/json/keywordnot actioned: [#rofile], [target_bg], [int((profile['min_bg'] + profile['max_bg'])/2]
appended new entry to profile with tempTargetset=True
edited old value of False in profile with temptargetSet=True
edited old value of True in profile with allowSMB_with_high_temptarget=False

loop execution in row=16062 of logfile /mnt/831eaeed-366e-4227-8611-577411edb9ca/Dries/backup/APS-what-if/software/aapsLogs/AndroidAPS._2025-12-28_02.log.zip at= 2025-12-28T01:37:31.033Z
edited old value of True in profile with enable_autoISF=False
edited old value of 0.6 in profile with smb_delivery_ratio=0.5
edited old value of 81.0 in profile with min_bg=101
edited old value of 99.0 in profile with max_bg=101
#rofile is an unrecognised array/json/keywordnot actioned: [#rofile], [target_bg], [int((profile['min_bg'] + profile['max_bg'])/2]
appended new entry to profile with tempTargetset=True
edited old value of False in profile with temptargetSet=True
edited old value of True in profile with allowSMB_with_high_temptarget=False

loop execution in row=16817 of logfile /mnt/831eaeed-366e-4227-8611-577411edb9ca/Dries/backup/APS-what-if/software/aapsLogs/AndroidAPS._2025-12-28_02.log.zip at= 2025-12-28T01:38:31.828Z
edited old value of True in profile with enable_autoISF=False
edited old value of 0.6 in profile with smb_delivery_ratio=0.5
edited old value of 81.0 in profile with min_bg=101
edited old value of 99.0 in profile with max_bg=101
#rofile is an unrecognised array/json/keywordnot actioned: [#rofile], [target_bg], [int((profile['min_bg'] + profile['max_bg'])/2]
appended new entry to profile with tempTargetset=True
edited old value of False in profile with temptargetSet=True
edited old value of True in profile with allowSMB_with_high_temptarget=False

loop execution in row=17557 of logfile /mnt/831eaeed-366e-4227-8611-577411edb9ca/Dries/backup/APS-what-if/software/aapsLogs/AndroidAPS._2025-12-28_02.log.zip at= 2025-12-28T01:39:30.610Z
edited old value of True in profile with enable_autoISF=False
edited old value of 0.6 in profile with smb_delivery_ratio=0.5
edited old value of 81.0 in profile with min_bg=101
edited old value of 99.0 in profile with max_bg=101
#rofile is an unrecognised array/json/keywordnot actioned: [#rofile], [target_bg], [int((profile['min_bg'] + profile['max_bg'])/2]
appended new entry to profile with tempTargetset=True
edited old value of False in profile with temptargetSet=True
edited old value of True in profile with allowSMB_with_high_temptarget=False

loop execution in row=18321 of logfile /mnt/831eaeed-366e-4227-8611-577411edb9ca/Dries/backup/APS-what-if/software/aapsLogs/AndroidAPS._2025-12-28_02.log.zip at= 2025-12-28T01:40:28.234Z
edited old value of True in profile with enable_autoISF=False
edited old value of 0.6 in profile with smb_delivery_ratio=0.5
edited old value of 81.0 in profile with min_bg=101
edited old value of 99.0 in profile with max_bg=101
#rofile is an unrecognised array/json/keywordnot actioned: [#rofile], [target_bg], [int((profile['min_bg'] + profile['max_bg'])/2]
appended new entry to profile with tempTargetset=True
edited old value of False in profile with temptargetSet=True
edited old value of True in profile with allowSMB_with_high_temptarget=False

loop execution in row=19066 of logfile /mnt/831eaeed-366e-4227-8611-577411edb9ca/Dries/backup/APS-what-if/software/aapsLogs/AndroidAPS._2025-12-28_02.log.zip at= 2025-12-28T01:41:27.597Z
edited old value of True in profile with enable_autoISF=False
edited old value of 0.6 in profile with smb_delivery_ratio=0.5
edited old value of 81.0 in profile with min_bg=101
edited old value of 99.0 in profile with max_bg=101
#rofile is an unrecognised array/json/keywordnot actioned: [#rofile], [target_bg], [int((profile['min_bg'] + profile['max_bg'])/2]
appended new entry to profile with tempTargetset=True
edited old value of False in profile with temptargetSet=True
edited old value of True in profile with allowSMB_with_high_temptarget=False

loop execution in row=19410 of logfile /mnt/831eaeed-366e-4227-8611-577411edb9ca/Dries/backup/APS-what-if/software/aapsLogs/AndroidAPS._2025-12-28_02.log.zip at= 2025-12-28T01:42:28.054Z
edited old value of True in profile with enable_autoISF=False
edited old value of 0.6 in profile with smb_delivery_ratio=0.5
edited old value of 81.0 in profile with min_bg=101
edited old value of 99.0 in profile with max_bg=101
#rofile is an unrecognised array/json/keywordnot actioned: [#rofile], [target_bg], [int((profile['min_bg'] + profile['max_bg'])/2]
appended new entry to profile with tempTargetset=True
edited old value of False in profile with temptargetSet=True
edited old value of True in profile with allowSMB_with_high_temptarget=False

loop execution in row=19770 of logfile /mnt/831eaeed-366e-4227-8611-577411edb9ca/Dries/backup/APS-what-if/software/aapsLogs/AndroidAPS._2025-12-28_02.log.zip at= 2025-12-28T01:43:28.037Z
edited old value of True in profile with enable_autoISF=False
edited old value of 0.6 in profile with smb_delivery_ratio=0.5
edited old value of 81.0 in profile with min_bg=101
edited old value of 99.0 in profile with max_bg=101
#rofile is an unrecognised array/json/keywordnot actioned: [#rofile], [target_bg], [int((profile['min_bg'] + profile['max_bg'])/2]
appended new entry to profile with tempTargetset=True
edited old value of False in profile with temptargetSet=True
edited old value of True in profile with allowSMB_with_high_temptarget=False

loop execution in row=20134 of logfile /mnt/831eaeed-366e-4227-8611-577411edb9ca/Dries/backup/APS-what-if/software/aapsLogs/AndroidAPS._2025-12-28_02.log.zip at= 2025-12-28T01:44:28.846Z
edited old value of True in profile with enable_autoISF=False
edited old value of 0.6 in profile with smb_delivery_ratio=0.5
edited old value of 81.0 in profile with min_bg=101
edited old value of 99.0 in profile with max_bg=101
#rofile is an unrecognised array/json/keywordnot actioned: [#rofile], [target_bg], [int((profile['min_bg'] + profile['max_bg'])/2]
appended new entry to profile with tempTargetset=True
edited old value of False in profile with temptargetSet=True
edited old value of True in profile with allowSMB_with_high_temptarget=False

loop execution in row=20475 of logfile /mnt/831eaeed-366e-4227-8611-577411edb9ca/Dries/backup/APS-what-if/software/aapsLogs/AndroidAPS._2025-12-28_02.log.zip at= 2025-12-28T01:45:29.172Z
edited old value of True in profile with enable_autoISF=False
edited old value of 0.6 in profile with smb_delivery_ratio=0.5
edited old value of 81.0 in profile with min_bg=101
edited old value of 99.0 in profile with max_bg=101
#rofile is an unrecognised array/json/keywordnot actioned: [#rofile], [target_bg], [int((profile['min_bg'] + profile['max_bg'])/2]
appended new entry to profile with tempTargetset=True
edited old value of False in profile with temptargetSet=True
edited old value of True in profile with allowSMB_with_high_temptarget=False

loop execution in row=20767 of logfile /mnt/831eaeed-366e-4227-8611-577411edb9ca/Dries/backup/APS-what-if/software/aapsLogs/AndroidAPS._2025-12-28_02.log.zip at= 2025-12-28T01:46:29.436Z
edited old value of True in profile with enable_autoISF=False
edited old value of 0.6 in profile with smb_delivery_ratio=0.5
edited old value of 81.0 in profile with min_bg=101
edited old value of 99.0 in profile with max_bg=101
#rofile is an unrecognised array/json/keywordnot actioned: [#rofile], [target_bg], [int((profile['min_bg'] + profile['max_bg'])/2]
appended new entry to profile with tempTargetset=True
edited old value of False in profile with temptargetSet=True
edited old value of True in profile with allowSMB_with_high_temptarget=False

loop execution in row=21084 of logfile /mnt/831eaeed-366e-4227-8611-577411edb9ca/Dries/backup/APS-what-if/software/aapsLogs/AndroidAPS._2025-12-28_02.log.zip at= 2025-12-28T01:47:29.737Z
edited old value of True in profile with enable_autoISF=False
edited old value of 0.6 in profile with smb_delivery_ratio=0.5
edited old value of 81.0 in profile with min_bg=101
edited old value of 99.0 in profile with max_bg=101
#rofile is an unrecognised array/json/keywordnot actioned: [#rofile], [target_bg], [int((profile['min_bg'] + profile['max_bg'])/2]
appended new entry to profile with tempTargetset=True
edited old value of False in profile with temptargetSet=True
edited old value of True in profile with allowSMB_with_high_temptarget=False

loop execution in row=21616 of logfile /mnt/831eaeed-366e-4227-8611-577411edb9ca/Dries/backup/APS-what-if/software/aapsLogs/AndroidAPS._2025-12-28_02.log.zip at= 2025-12-28T01:48:30.387Z
edited old value of True in profile with enable_autoISF=False
edited old value of 0.6 in profile with smb_delivery_ratio=0.5
edited old value of 81.0 in profile with min_bg=101
edited old value of 99.0 in profile with max_bg=101
#rofile is an unrecognised array/json/keywordnot actioned: [#rofile], [target_bg], [int((profile['min_bg'] + profile['max_bg'])/2]
appended new entry to profile with tempTargetset=True
edited old value of False in profile with temptargetSet=True
edited old value of True in profile with allowSMB_with_high_temptarget=False

loop execution in row=22059 of logfile /mnt/831eaeed-366e-4227-8611-577411edb9ca/Dries/backup/APS-what-if/software/aapsLogs/AndroidAPS._2025-12-28_02.log.zip at= 2025-12-28T01:49:30.667Z
edited old value of True in profile with enable_autoISF=False
edited old value of 0.6 in profile with smb_delivery_ratio=0.5
edited old value of 81.0 in profile with min_bg=101
edited old value of 99.0 in profile with max_bg=101
#rofile is an unrecognised array/json/keywordnot actioned: [#rofile], [target_bg], [int((profile['min_bg'] + profile['max_bg'])/2]
appended new entry to profile with tempTargetset=True
edited old value of False in profile with temptargetSet=True
edited old value of True in profile with allowSMB_with_high_temptarget=False

loop execution in row=22645 of logfile /mnt/831eaeed-366e-4227-8611-577411edb9ca/Dries/backup/APS-what-if/software/aapsLogs/AndroidAPS._2025-12-28_02.log.zip at= 2025-12-28T01:50:30.949Z
edited old value of True in profile with enable_autoISF=False
edited old value of 0.6 in profile with smb_delivery_ratio=0.5
edited old value of 81.0 in profile with min_bg=101
edited old value of 99.0 in profile with max_bg=101
#rofile is an unrecognised array/json/keywordnot actioned: [#rofile], [target_bg], [int((profile['min_bg'] + profile['max_bg'])/2]
appended new entry to profile with tempTargetset=True
edited old value of False in profile with temptargetSet=True
edited old value of True in profile with allowSMB_with_high_temptarget=False

loop execution in row=23274 of logfile /mnt/831eaeed-366e-4227-8611-577411edb9ca/Dries/backup/APS-what-if/software/aapsLogs/AndroidAPS._2025-12-28_02.log.zip at= 2025-12-28T01:51:31.266Z
edited old value of True in profile with enable_autoISF=False
edited old value of 0.6 in profile with smb_delivery_ratio=0.5
edited old value of 81.0 in profile with min_bg=101
edited old value of 99.0 in profile with max_bg=101
#rofile is an unrecognised array/json/keywordnot actioned: [#rofile], [target_bg], [int((profile['min_bg'] + profile['max_bg'])/2]
appended new entry to profile with tempTargetset=True
edited old value of False in profile with temptargetSet=True
edited old value of True in profile with allowSMB_with_high_temptarget=False

loop execution in row=23984 of logfile /mnt/831eaeed-366e-4227-8611-577411edb9ca/Dries/backup/APS-what-if/software/aapsLogs/AndroidAPS._2025-12-28_02.log.zip at= 2025-12-28T01:52:31.669Z
edited old value of True in profile with enable_autoISF=False
edited old value of 0.6 in profile with smb_delivery_ratio=0.5
edited old value of 81.0 in profile with min_bg=101
edited old value of 99.0 in profile with max_bg=101
#rofile is an unrecognised array/json/keywordnot actioned: [#rofile], [target_bg], [int((profile['min_bg'] + profile['max_bg'])/2]
appended new entry to profile with tempTargetset=True
edited old value of False in profile with temptargetSet=True
edited old value of True in profile with allowSMB_with_high_temptarget=False

loop execution in row=24686 of logfile /mnt/831eaeed-366e-4227-8611-577411edb9ca/Dries/backup/APS-what-if/software/aapsLogs/AndroidAPS._2025-12-28_02.log.zip at= 2025-12-28T01:53:32.268Z
edited old value of True in profile with enable_autoISF=False
edited old value of 0.6 in profile with smb_delivery_ratio=0.5
edited old value of 81.0 in profile with min_bg=101
edited old value of 99.0 in profile with max_bg=101
#rofile is an unrecognised array/json/keywordnot actioned: [#rofile], [target_bg], [int((profile['min_bg'] + profile['max_bg'])/2]
appended new entry to profile with tempTargetset=True
edited old value of False in profile with temptargetSet=True
edited old value of True in profile with allowSMB_with_high_temptarget=False

loop execution in row=24934 of logfile /mnt/831eaeed-366e-4227-8611-577411edb9ca/Dries/backup/APS-what-if/software/aapsLogs/AndroidAPS._2025-12-28_02.log.zip at= 2025-12-28T01:54:32.876Z
edited old value of True in profile with enable_autoISF=False
edited old value of 0.6 in profile with smb_delivery_ratio=0.5
edited old value of 81.0 in profile with min_bg=101
edited old value of 99.0 in profile with max_bg=101
#rofile is an unrecognised array/json/keywordnot actioned: [#rofile], [target_bg], [int((profile['min_bg'] + profile['max_bg'])/2]
appended new entry to profile with tempTargetset=True
edited old value of False in profile with temptargetSet=True
edited old value of True in profile with allowSMB_with_high_temptarget=False

loop execution in row=25225 of logfile /mnt/831eaeed-366e-4227-8611-577411edb9ca/Dries/backup/APS-what-if/software/aapsLogs/AndroidAPS._2025-12-28_02.log.zip at= 2025-12-28T01:55:32.830Z
edited old value of True in profile with enable_autoISF=False
edited old value of 0.6 in profile with smb_delivery_ratio=0.5
edited old value of 81.0 in profile with min_bg=101
edited old value of 99.0 in profile with max_bg=101
#rofile is an unrecognised array/json/keywordnot actioned: [#rofile], [target_bg], [int((profile['min_bg'] + profile['max_bg'])/2]
appended new entry to profile with tempTargetset=True
edited old value of False in profile with temptargetSet=True
edited old value of True in profile with allowSMB_with_high_temptarget=False

loop execution in row=25464 of logfile /mnt/831eaeed-366e-4227-8611-577411edb9ca/Dries/backup/APS-what-if/software/aapsLogs/AndroidAPS._2025-12-28_02.log.zip at= 2025-12-28T01:56:33.596Z
edited old value of True in profile with enable_autoISF=False
edited old value of 0.6 in profile with smb_delivery_ratio=0.5
edited old value of 81.0 in profile with min_bg=101
edited old value of 99.0 in profile with max_bg=101
#rofile is an unrecognised array/json/keywordnot actioned: [#rofile], [target_bg], [int((profile['min_bg'] + profile['max_bg'])/2]
appended new entry to profile with tempTargetset=True
edited old value of False in profile with temptargetSet=True
edited old value of True in profile with allowSMB_with_high_temptarget=False

loop execution in row=25741 of logfile /mnt/831eaeed-366e-4227-8611-577411edb9ca/Dries/backup/APS-what-if/software/aapsLogs/AndroidAPS._2025-12-28_02.log.zip at= 2025-12-28T01:57:33.992Z
edited old value of True in profile with enable_autoISF=False
edited old value of 0.6 in profile with smb_delivery_ratio=0.5
edited old value of 81.0 in profile with min_bg=101
edited old value of 99.0 in profile with max_bg=101
#rofile is an unrecognised array/json/keywordnot actioned: [#rofile], [target_bg], [int((profile['min_bg'] + profile['max_bg'])/2]
appended new entry to profile with tempTargetset=True
edited old value of False in profile with temptargetSet=True
edited old value of True in profile with allowSMB_with_high_temptarget=False

loop execution in row=25983 of logfile /mnt/831eaeed-366e-4227-8611-577411edb9ca/Dries/backup/APS-what-if/software/aapsLogs/AndroidAPS._2025-12-28_02.log.zip at= 2025-12-28T01:58:34.436Z
edited old value of True in profile with enable_autoISF=False
edited old value of 0.6 in profile with smb_delivery_ratio=0.5
edited old value of 81.0 in profile with min_bg=101
edited old value of 99.0 in profile with max_bg=101
#rofile is an unrecognised array/json/keywordnot actioned: [#rofile], [target_bg], [int((profile['min_bg'] + profile['max_bg'])/2]
appended new entry to profile with tempTargetset=True
edited old value of False in profile with temptargetSet=True
edited old value of True in profile with allowSMB_with_high_temptarget=False

loop execution in row=26226 of logfile /mnt/831eaeed-366e-4227-8611-577411edb9ca/Dries/backup/APS-what-if/software/aapsLogs/AndroidAPS._2025-12-28_02.log.zip at= 2025-12-28T01:59:34.358Z
edited old value of True in profile with enable_autoISF=False
edited old value of 0.6 in profile with smb_delivery_ratio=0.5
edited old value of 81.0 in profile with min_bg=101
edited old value of 99.0 in profile with max_bg=101
#rofile is an unrecognised array/json/keywordnot actioned: [#rofile], [target_bg], [int((profile['min_bg'] + profile['max_bg'])/2]
appended new entry to profile with tempTargetset=True
edited old value of False in profile with temptargetSet=True
edited old value of True in profile with allowSMB_with_high_temptarget=False

========== Echo of what-if definitions actioned for variant Demo_Sports_Adaptations
========== created on Sun, 11 Jan 2026 15:17:39 +0100
========== for loop events found in logfile /mnt/831eaeed-366e-4227-8611-577411edb9ca/Dries/backup/APS-what-if/software/aapsLogs/AndroidAPS._2025-12-28_03.log.zip

loop execution in row=392 of logfile /mnt/831eaeed-366e-4227-8611-577411edb9ca/Dries/backup/APS-what-if/software/aapsLogs/AndroidAPS._2025-12-28_03.log.zip at= 2025-12-28T02:00:32.449Z
edited old value of True in profile with enable_autoISF=False
edited old value of 0.6 in profile with smb_delivery_ratio=0.5
edited old value of 81.0 in profile with min_bg=101
edited old value of 99.0 in profile with max_bg=101
#rofile is an unrecognised array/json/keywordnot actioned: [#rofile], [target_bg], [int((profile['min_bg'] + profile['max_bg'])/2]
appended new entry to profile with tempTargetset=True
edited old value of False in profile with temptargetSet=True
edited old value of True in profile with allowSMB_with_high_temptarget=False

loop execution in row=683 of logfile /mnt/831eaeed-366e-4227-8611-577411edb9ca/Dries/backup/APS-what-if/software/aapsLogs/AndroidAPS._2025-12-28_03.log.zip at= 2025-12-28T02:01:37.083Z
edited old value of True in profile with enable_autoISF=False
edited old value of 0.6 in profile with smb_delivery_ratio=0.5
edited old value of 81.0 in profile with min_bg=101
edited old value of 99.0 in profile with max_bg=101
#rofile is an unrecognised array/json/keywordnot actioned: [#rofile], [target_bg], [int((profile['min_bg'] + profile['max_bg'])/2]
appended new entry to profile with tempTargetset=True
edited old value of False in profile with temptargetSet=True
edited old value of True in profile with allowSMB_with_high_temptarget=False

loop execution in row=961 of logfile /mnt/831eaeed-366e-4227-8611-577411edb9ca/Dries/backup/APS-what-if/software/aapsLogs/AndroidAPS._2025-12-28_03.log.zip at= 2025-12-28T02:02:37.145Z
edited old value of True in profile with enable_autoISF=False
edited old value of 0.6 in profile with smb_delivery_ratio=0.5
edited old value of 81.0 in profile with min_bg=101
edited old value of 99.0 in profile with max_bg=101
#rofile is an unrecognised array/json/keywordnot actioned: [#rofile], [target_bg], [int((profile['min_bg'] + profile['max_bg'])/2]
appended new entry to profile with tempTargetset=True
edited old value of False in profile with temptargetSet=True
edited old value of True in profile with allowSMB_with_high_temptarget=False

loop execution in row=1281 of logfile /mnt/831eaeed-366e-4227-8611-577411edb9ca/Dries/backup/APS-what-if/software/aapsLogs/AndroidAPS._2025-12-28_03.log.zip at= 2025-12-28T02:03:37.331Z
edited old value of True in profile with enable_autoISF=False
edited old value of 0.6 in profile with smb_delivery_ratio=0.5
edited old value of 81.0 in profile with min_bg=101
edited old value of 99.0 in profile with max_bg=101
#rofile is an unrecognised array/json/keywordnot actioned: [#rofile], [target_bg], [int((profile['min_bg'] + profile['max_bg'])/2]
appended new entry to profile with tempTargetset=True
edited old value of False in profile with temptargetSet=True
edited old value of True in profile with allowSMB_with_high_temptarget=False

loop execution in row=1532 of logfile /mnt/831eaeed-366e-4227-8611-577411edb9ca/Dries/backup/APS-what-if/software/aapsLogs/AndroidAPS._2025-12-28_03.log.zip at= 2025-12-28T02:04:38.858Z
edited old value of True in profile with enable_autoISF=False
edited old value of 0.6 in profile with smb_delivery_ratio=0.5
edited old value of 81.0 in profile with min_bg=101
edited old value of 99.0 in profile with max_bg=101
#rofile is an unrecognised array/json/keywordnot actioned: [#rofile], [target_bg], [int((profile['min_bg'] + profile['max_bg'])/2]
appended new entry to profile with tempTargetset=True
edited old value of False in profile with temptargetSet=True
edited old value of True in profile with allowSMB_with_high_temptarget=False

loop execution in row=1845 of logfile /mnt/831eaeed-366e-4227-8611-577411edb9ca/Dries/backup/APS-what-if/software/aapsLogs/AndroidAPS._2025-12-28_03.log.zip at= 2025-12-28T02:05:38.203Z
edited old value of True in profile with enable_autoISF=False
edited old value of 0.6 in profile with smb_delivery_ratio=0.5
edited old value of 81.0 in profile with min_bg=101
edited old value of 99.0 in profile with max_bg=101
#rofile is an unrecognised array/json/keywordnot actioned: [#rofile], [target_bg], [int((profile['min_bg'] + profile['max_bg'])/2]
appended new entry to profile with tempTargetset=True
edited old value of False in profile with temptargetSet=True
edited old value of True in profile with allowSMB_with_high_temptarget=False

loop execution in row=2049 of logfile /mnt/831eaeed-366e-4227-8611-577411edb9ca/Dries/backup/APS-what-if/software/aapsLogs/AndroidAPS._2025-12-28_03.log.zip at= 2025-12-28T02:06:39.717Z
edited old value of True in profile with enable_autoISF=False
edited old value of 0.6 in profile with smb_delivery_ratio=0.5
edited old value of 81.0 in profile with min_bg=101
edited old value of 99.0 in profile with max_bg=101
#rofile is an unrecognised array/json/keywordnot actioned: [#rofile], [target_bg], [int((profile['min_bg'] + profile['max_bg'])/2]
appended new entry to profile with tempTargetset=True
edited old value of False in profile with temptargetSet=True
edited old value of True in profile with allowSMB_with_high_temptarget=False

loop execution in row=2290 of logfile /mnt/831eaeed-366e-4227-8611-577411edb9ca/Dries/backup/APS-what-if/software/aapsLogs/AndroidAPS._2025-12-28_03.log.zip at= 2025-12-28T02:07:39.684Z
edited old value of True in profile with enable_autoISF=False
edited old value of 0.6 in profile with smb_delivery_ratio=0.5
edited old value of 81.0 in profile with min_bg=101
edited old value of 99.0 in profile with max_bg=101
#rofile is an unrecognised array/json/keywordnot actioned: [#rofile], [target_bg], [int((profile['min_bg'] + profile['max_bg'])/2]
appended new entry to profile with tempTargetset=True
edited old value of False in profile with temptargetSet=True
edited old value of True in profile with allowSMB_with_high_temptarget=False

loop execution in row=2584 of logfile /mnt/831eaeed-366e-4227-8611-577411edb9ca/Dries/backup/APS-what-if/software/aapsLogs/AndroidAPS._2025-12-28_03.log.zip at= 2025-12-28T02:08:40.622Z
edited old value of True in profile with enable_autoISF=False
edited old value of 0.6 in profile with smb_delivery_ratio=0.5
edited old value of 81.0 in profile with min_bg=101
edited old value of 99.0 in profile with max_bg=101
#rofile is an unrecognised array/json/keywordnot actioned: [#rofile], [target_bg], [int((profile['min_bg'] + profile['max_bg'])/2]
appended new entry to profile with tempTargetset=True
edited old value of False in profile with temptargetSet=True
edited old value of True in profile with allowSMB_with_high_temptarget=False

loop execution in row=2775 of logfile /mnt/831eaeed-366e-4227-8611-577411edb9ca/Dries/backup/APS-what-if/software/aapsLogs/AndroidAPS._2025-12-28_03.log.zip at= 2025-12-28T02:09:40.469Z
edited old value of True in profile with enable_autoISF=False
edited old value of 0.6 in profile with smb_delivery_ratio=0.5
edited old value of 81.0 in profile with min_bg=101
edited old value of 99.0 in profile with max_bg=101
#rofile is an unrecognised array/json/keywordnot actioned: [#rofile], [target_bg], [int((profile['min_bg'] + profile['max_bg'])/2]
appended new entry to profile with tempTargetset=True
edited old value of False in profile with temptargetSet=True
edited old value of True in profile with allowSMB_with_high_temptarget=False

loop execution in row=2978 of logfile /mnt/831eaeed-366e-4227-8611-577411edb9ca/Dries/backup/APS-what-if/software/aapsLogs/AndroidAPS._2025-12-28_03.log.zip at= 2025-12-28T02:10:41.118Z
edited old value of True in profile with enable_autoISF=False
edited old value of 0.6 in profile with smb_delivery_ratio=0.5
edited old value of 81.0 in profile with min_bg=101
edited old value of 99.0 in profile with max_bg=101
#rofile is an unrecognised array/json/keywordnot actioned: [#rofile], [target_bg], [int((profile['min_bg'] + profile['max_bg'])/2]
appended new entry to profile with tempTargetset=True
edited old value of False in profile with temptargetSet=True
edited old value of True in profile with allowSMB_with_high_temptarget=False

loop execution in row=3170 of logfile /mnt/831eaeed-366e-4227-8611-577411edb9ca/Dries/backup/APS-what-if/software/aapsLogs/AndroidAPS._2025-12-28_03.log.zip at= 2025-12-28T02:11:41.378Z
edited old value of True in profile with enable_autoISF=False
edited old value of 0.6 in profile with smb_delivery_ratio=0.5
edited old value of 81.0 in profile with min_bg=101
edited old value of 99.0 in profile with max_bg=101
#rofile is an unrecognised array/json/keywordnot actioned: [#rofile], [target_bg], [int((profile['min_bg'] + profile['max_bg'])/2]
appended new entry to profile with tempTargetset=True
edited old value of False in profile with temptargetSet=True
edited old value of True in profile with allowSMB_with_high_temptarget=False

loop execution in row=3364 of logfile /mnt/831eaeed-366e-4227-8611-577411edb9ca/Dries/backup/APS-what-if/software/aapsLogs/AndroidAPS._2025-12-28_03.log.zip at= 2025-12-28T02:12:42.020Z
edited old value of True in profile with enable_autoISF=False
edited old value of 0.6 in profile with smb_delivery_ratio=0.5
edited old value of 81.0 in profile with min_bg=101
edited old value of 99.0 in profile with max_bg=101
#rofile is an unrecognised array/json/keywordnot actioned: [#rofile], [target_bg], [int((profile['min_bg'] + profile['max_bg'])/2]
appended new entry to profile with tempTargetset=True
edited old value of False in profile with temptargetSet=True
edited old value of True in profile with allowSMB_with_high_temptarget=False

loop execution in row=3579 of logfile /mnt/831eaeed-366e-4227-8611-577411edb9ca/Dries/backup/APS-what-if/software/aapsLogs/AndroidAPS._2025-12-28_03.log.zip at= 2025-12-28T02:13:42.326Z
edited old value of True in profile with enable_autoISF=False
edited old value of 0.6 in profile with smb_delivery_ratio=0.5
edited old value of 81.0 in profile with min_bg=101
edited old value of 99.0 in profile with max_bg=101
#rofile is an unrecognised array/json/keywordnot actioned: [#rofile], [target_bg], [int((profile['min_bg'] + profile['max_bg'])/2]
appended new entry to profile with tempTargetset=True
edited old value of False in profile with temptargetSet=True
edited old value of True in profile with allowSMB_with_high_temptarget=False

loop execution in row=4531 of logfile /mnt/831eaeed-366e-4227-8611-577411edb9ca/Dries/backup/APS-what-if/software/aapsLogs/AndroidAPS._2025-12-28_03.log.zip at= 2025-12-28T02:14:45.370Z
edited old value of True in profile with enable_autoISF=False
edited old value of 0.6 in profile with smb_delivery_ratio=0.5
edited old value of 81.0 in profile with min_bg=101
edited old value of 99.0 in profile with max_bg=101
#rofile is an unrecognised array/json/keywordnot actioned: [#rofile], [target_bg], [int((profile['min_bg'] + profile['max_bg'])/2]
appended new entry to profile with tempTargetset=True
edited old value of False in profile with temptargetSet=True
edited old value of True in profile with allowSMB_with_high_temptarget=False

loop execution in row=5314 of logfile /mnt/831eaeed-366e-4227-8611-577411edb9ca/Dries/backup/APS-what-if/software/aapsLogs/AndroidAPS._2025-12-28_03.log.zip at= 2025-12-28T02:15:42.983Z
edited old value of True in profile with enable_autoISF=False
edited old value of 0.6 in profile with smb_delivery_ratio=0.5
edited old value of 81.0 in profile with min_bg=101
edited old value of 99.0 in profile with max_bg=101
#rofile is an unrecognised array/json/keywordnot actioned: [#rofile], [target_bg], [int((profile['min_bg'] + profile['max_bg'])/2]
appended new entry to profile with tempTargetset=True
edited old value of False in profile with temptargetSet=True
edited old value of True in profile with allowSMB_with_high_temptarget=False

loop execution in row=5664 of logfile /mnt/831eaeed-366e-4227-8611-577411edb9ca/Dries/backup/APS-what-if/software/aapsLogs/AndroidAPS._2025-12-28_03.log.zip at= 2025-12-28T02:16:42.927Z
edited old value of True in profile with enable_autoISF=False
edited old value of 0.6 in profile with smb_delivery_ratio=0.5
edited old value of 81.0 in profile with min_bg=101
edited old value of 99.0 in profile with max_bg=101
#rofile is an unrecognised array/json/keywordnot actioned: [#rofile], [target_bg], [int((profile['min_bg'] + profile['max_bg'])/2]
appended new entry to profile with tempTargetset=True
edited old value of False in profile with temptargetSet=True
edited old value of True in profile with allowSMB_with_high_temptarget=False

loop execution in row=6014 of logfile /mnt/831eaeed-366e-4227-8611-577411edb9ca/Dries/backup/APS-what-if/software/aapsLogs/AndroidAPS._2025-12-28_03.log.zip at= 2025-12-28T02:17:44.206Z
edited old value of True in profile with enable_autoISF=False
edited old value of 0.6 in profile with smb_delivery_ratio=0.5
edited old value of 81.0 in profile with min_bg=101
edited old value of 99.0 in profile with max_bg=101
#rofile is an unrecognised array/json/keywordnot actioned: [#rofile], [target_bg], [int((profile['min_bg'] + profile['max_bg'])/2]
appended new entry to profile with tempTargetset=True
edited old value of False in profile with temptargetSet=True
edited old value of True in profile with allowSMB_with_high_temptarget=False

loop execution in row=6237 of logfile /mnt/831eaeed-366e-4227-8611-577411edb9ca/Dries/backup/APS-what-if/software/aapsLogs/AndroidAPS._2025-12-28_03.log.zip at= 2025-12-28T02:18:44.351Z
edited old value of True in profile with enable_autoISF=False
edited old value of 0.6 in profile with smb_delivery_ratio=0.5
edited old value of 81.0 in profile with min_bg=101
edited old value of 99.0 in profile with max_bg=101
#rofile is an unrecognised array/json/keywordnot actioned: [#rofile], [target_bg], [int((profile['min_bg'] + profile['max_bg'])/2]
appended new entry to profile with tempTargetset=True
edited old value of False in profile with temptargetSet=True
edited old value of True in profile with allowSMB_with_high_temptarget=False

loop execution in row=6428 of logfile /mnt/831eaeed-366e-4227-8611-577411edb9ca/Dries/backup/APS-what-if/software/aapsLogs/AndroidAPS._2025-12-28_03.log.zip at= 2025-12-28T02:19:42.827Z
edited old value of True in profile with enable_autoISF=False
edited old value of 0.6 in profile with smb_delivery_ratio=0.5
edited old value of 81.0 in profile with min_bg=101
edited old value of 99.0 in profile with max_bg=101
#rofile is an unrecognised array/json/keywordnot actioned: [#rofile], [target_bg], [int((profile['min_bg'] + profile['max_bg'])/2]
appended new entry to profile with tempTargetset=True
edited old value of False in profile with temptargetSet=True
edited old value of True in profile with allowSMB_with_high_temptarget=False

loop execution in row=6631 of logfile /mnt/831eaeed-366e-4227-8611-577411edb9ca/Dries/backup/APS-what-if/software/aapsLogs/AndroidAPS._2025-12-28_03.log.zip at= 2025-12-28T02:20:43.867Z
edited old value of True in profile with enable_autoISF=False
edited old value of 0.6 in profile with smb_delivery_ratio=0.5
edited old value of 81.0 in profile with min_bg=101
edited old value of 99.0 in profile with max_bg=101
#rofile is an unrecognised array/json/keywordnot actioned: [#rofile], [target_bg], [int((profile['min_bg'] + profile['max_bg'])/2]
appended new entry to profile with tempTargetset=True
edited old value of False in profile with temptargetSet=True
edited old value of True in profile with allowSMB_with_high_temptarget=False

loop execution in row=6815 of logfile /mnt/831eaeed-366e-4227-8611-577411edb9ca/Dries/backup/APS-what-if/software/aapsLogs/AndroidAPS._2025-12-28_03.log.zip at= 2025-12-28T02:21:44.239Z
edited old value of True in profile with enable_autoISF=False
edited old value of 0.6 in profile with smb_delivery_ratio=0.5
edited old value of 81.0 in profile with min_bg=101
edited old value of 99.0 in profile with max_bg=101
#rofile is an unrecognised array/json/keywordnot actioned: [#rofile], [target_bg], [int((profile['min_bg'] + profile['max_bg'])/2]
appended new entry to profile with tempTargetset=True
edited old value of False in profile with temptargetSet=True
edited old value of True in profile with allowSMB_with_high_temptarget=False

loop execution in row=7018 of logfile /mnt/831eaeed-366e-4227-8611-577411edb9ca/Dries/backup/APS-what-if/software/aapsLogs/AndroidAPS._2025-12-28_03.log.zip at= 2025-12-28T02:22:44.553Z
edited old value of True in profile with enable_autoISF=False
edited old value of 0.6 in profile with smb_delivery_ratio=0.5
edited old value of 81.0 in profile with min_bg=101
edited old value of 99.0 in profile with max_bg=101
#rofile is an unrecognised array/json/keywordnot actioned: [#rofile], [target_bg], [int((profile['min_bg'] + profile['max_bg'])/2]
appended new entry to profile with tempTargetset=True
edited old value of False in profile with temptargetSet=True
edited old value of True in profile with allowSMB_with_high_temptarget=False

loop execution in row=7207 of logfile /mnt/831eaeed-366e-4227-8611-577411edb9ca/Dries/backup/APS-what-if/software/aapsLogs/AndroidAPS._2025-12-28_03.log.zip at= 2025-12-28T02:23:44.684Z
edited old value of True in profile with enable_autoISF=False
edited old value of 0.6 in profile with smb_delivery_ratio=0.5
edited old value of 81.0 in profile with min_bg=101
edited old value of 99.0 in profile with max_bg=101
#rofile is an unrecognised array/json/keywordnot actioned: [#rofile], [target_bg], [int((profile['min_bg'] + profile['max_bg'])/2]
appended new entry to profile with tempTargetset=True
edited old value of False in profile with temptargetSet=True
edited old value of True in profile with allowSMB_with_high_temptarget=False

loop execution in row=7398 of logfile /mnt/831eaeed-366e-4227-8611-577411edb9ca/Dries/backup/APS-what-if/software/aapsLogs/AndroidAPS._2025-12-28_03.log.zip at= 2025-12-28T02:24:45.378Z
edited old value of True in profile with enable_autoISF=False
edited old value of 0.6 in profile with smb_delivery_ratio=0.5
edited old value of 81.0 in profile with min_bg=101
edited old value of 99.0 in profile with max_bg=101
#rofile is an unrecognised array/json/keywordnot actioned: [#rofile], [target_bg], [int((profile['min_bg'] + profile['max_bg'])/2]
appended new entry to profile with tempTargetset=True
edited old value of False in profile with temptargetSet=True
edited old value of True in profile with allowSMB_with_high_temptarget=False

loop execution in row=7596 of logfile /mnt/831eaeed-366e-4227-8611-577411edb9ca/Dries/backup/APS-what-if/software/aapsLogs/AndroidAPS._2025-12-28_03.log.zip at= 2025-12-28T02:25:46.431Z
edited old value of True in profile with enable_autoISF=False
edited old value of 0.6 in profile with smb_delivery_ratio=0.5
edited old value of 81.0 in profile with min_bg=101
edited old value of 99.0 in profile with max_bg=101
#rofile is an unrecognised array/json/keywordnot actioned: [#rofile], [target_bg], [int((profile['min_bg'] + profile['max_bg'])/2]
appended new entry to profile with tempTargetset=True
edited old value of False in profile with temptargetSet=True
edited old value of True in profile with allowSMB_with_high_temptarget=False

loop execution in row=7779 of logfile /mnt/831eaeed-366e-4227-8611-577411edb9ca/Dries/backup/APS-what-if/software/aapsLogs/AndroidAPS._2025-12-28_03.log.zip at= 2025-12-28T02:26:46.897Z
edited old value of True in profile with enable_autoISF=False
edited old value of 0.6 in profile with smb_delivery_ratio=0.5
edited old value of 81.0 in profile with min_bg=101
edited old value of 99.0 in profile with max_bg=101
#rofile is an unrecognised array/json/keywordnot actioned: [#rofile], [target_bg], [int((profile['min_bg'] + profile['max_bg'])/2]
appended new entry to profile with tempTargetset=True
edited old value of False in profile with temptargetSet=True
edited old value of True in profile with allowSMB_with_high_temptarget=False

loop execution in row=7969 of logfile /mnt/831eaeed-366e-4227-8611-577411edb9ca/Dries/backup/APS-what-if/software/aapsLogs/AndroidAPS._2025-12-28_03.log.zip at= 2025-12-28T02:27:47.348Z
edited old value of True in profile with enable_autoISF=False
edited old value of 0.6 in profile with smb_delivery_ratio=0.5
edited old value of 81.0 in profile with min_bg=101
edited old value of 99.0 in profile with max_bg=101
#rofile is an unrecognised array/json/keywordnot actioned: [#rofile], [target_bg], [int((profile['min_bg'] + profile['max_bg'])/2]
appended new entry to profile with tempTargetset=True
edited old value of False in profile with temptargetSet=True
edited old value of True in profile with allowSMB_with_high_temptarget=False

loop execution in row=8155 of logfile /mnt/831eaeed-366e-4227-8611-577411edb9ca/Dries/backup/APS-what-if/software/aapsLogs/AndroidAPS._2025-12-28_03.log.zip at= 2025-12-28T02:28:48.257Z
edited old value of True in profile with enable_autoISF=False
edited old value of 0.6 in profile with smb_delivery_ratio=0.5
edited old value of 81.0 in profile with min_bg=101
edited old value of 99.0 in profile with max_bg=101
#rofile is an unrecognised array/json/keywordnot actioned: [#rofile], [target_bg], [int((profile['min_bg'] + profile['max_bg'])/2]
appended new entry to profile with tempTargetset=True
edited old value of False in profile with temptargetSet=True
edited old value of True in profile with allowSMB_with_high_temptarget=False

loop execution in row=8340 of logfile /mnt/831eaeed-366e-4227-8611-577411edb9ca/Dries/backup/APS-what-if/software/aapsLogs/AndroidAPS._2025-12-28_03.log.zip at= 2025-12-28T02:29:48.256Z
edited old value of True in profile with enable_autoISF=False
edited old value of 0.6 in profile with smb_delivery_ratio=0.5
edited old value of 81.0 in profile with min_bg=101
edited old value of 99.0 in profile with max_bg=101
#rofile is an unrecognised array/json/keywordnot actioned: [#rofile], [target_bg], [int((profile['min_bg'] + profile['max_bg'])/2]
appended new entry to profile with tempTargetset=True
edited old value of False in profile with temptargetSet=True
edited old value of True in profile with allowSMB_with_high_temptarget=False

loop execution in row=8706 of logfile /mnt/831eaeed-366e-4227-8611-577411edb9ca/Dries/backup/APS-what-if/software/aapsLogs/AndroidAPS._2025-12-28_03.log.zip at= 2025-12-28T02:30:48.630Z
edited old value of True in profile with enable_autoISF=False
edited old value of 0.6 in profile with smb_delivery_ratio=0.5
edited old value of 81.0 in profile with min_bg=101
edited old value of 99.0 in profile with max_bg=101
#rofile is an unrecognised array/json/keywordnot actioned: [#rofile], [target_bg], [int((profile['min_bg'] + profile['max_bg'])/2]
appended new entry to profile with tempTargetset=True
edited old value of False in profile with temptargetSet=True
edited old value of True in profile with allowSMB_with_high_temptarget=False

loop execution in row=8890 of logfile /mnt/831eaeed-366e-4227-8611-577411edb9ca/Dries/backup/APS-what-if/software/aapsLogs/AndroidAPS._2025-12-28_03.log.zip at= 2025-12-28T02:31:47.635Z
edited old value of True in profile with enable_autoISF=False
edited old value of 0.6 in profile with smb_delivery_ratio=0.5
edited old value of 81.0 in profile with min_bg=101
edited old value of 99.0 in profile with max_bg=101
#rofile is an unrecognised array/json/keywordnot actioned: [#rofile], [target_bg], [int((profile['min_bg'] + profile['max_bg'])/2]
appended new entry to profile with tempTargetset=True
edited old value of False in profile with temptargetSet=True
edited old value of True in profile with allowSMB_with_high_temptarget=False

loop execution in row=9111 of logfile /mnt/831eaeed-366e-4227-8611-577411edb9ca/Dries/backup/APS-what-if/software/aapsLogs/AndroidAPS._2025-12-28_03.log.zip at= 2025-12-28T02:32:47.808Z
edited old value of True in profile with enable_autoISF=False
edited old value of 0.6 in profile with smb_delivery_ratio=0.5
edited old value of 81.0 in profile with min_bg=101
edited old value of 99.0 in profile with max_bg=101
#rofile is an unrecognised array/json/keywordnot actioned: [#rofile], [target_bg], [int((profile['min_bg'] + profile['max_bg'])/2]
appended new entry to profile with tempTargetset=True
edited old value of False in profile with temptargetSet=True
edited old value of True in profile with allowSMB_with_high_temptarget=False

loop execution in row=9294 of logfile /mnt/831eaeed-366e-4227-8611-577411edb9ca/Dries/backup/APS-what-if/software/aapsLogs/AndroidAPS._2025-12-28_03.log.zip at= 2025-12-28T02:33:48.580Z
edited old value of True in profile with enable_autoISF=False
edited old value of 0.6 in profile with smb_delivery_ratio=0.5
edited old value of 81.0 in profile with min_bg=101
edited old value of 99.0 in profile with max_bg=101
#rofile is an unrecognised array/json/keywordnot actioned: [#rofile], [target_bg], [int((profile['min_bg'] + profile['max_bg'])/2]
appended new entry to profile with tempTargetset=True
edited old value of False in profile with temptargetSet=True
edited old value of True in profile with allowSMB_with_high_temptarget=False

loop execution in row=9481 of logfile /mnt/831eaeed-366e-4227-8611-577411edb9ca/Dries/backup/APS-what-if/software/aapsLogs/AndroidAPS._2025-12-28_03.log.zip at= 2025-12-28T02:34:48.966Z
edited old value of True in profile with enable_autoISF=False
edited old value of 0.6 in profile with smb_delivery_ratio=0.5
edited old value of 81.0 in profile with min_bg=101
edited old value of 99.0 in profile with max_bg=101
#rofile is an unrecognised array/json/keywordnot actioned: [#rofile], [target_bg], [int((profile['min_bg'] + profile['max_bg'])/2]
appended new entry to profile with tempTargetset=True
edited old value of False in profile with temptargetSet=True
edited old value of True in profile with allowSMB_with_high_temptarget=False

loop execution in row=9686 of logfile /mnt/831eaeed-366e-4227-8611-577411edb9ca/Dries/backup/APS-what-if/software/aapsLogs/AndroidAPS._2025-12-28_03.log.zip at= 2025-12-28T02:35:50.374Z
edited old value of True in profile with enable_autoISF=False
edited old value of 0.6 in profile with smb_delivery_ratio=0.5
edited old value of 81.0 in profile with min_bg=101
edited old value of 99.0 in profile with max_bg=101
#rofile is an unrecognised array/json/keywordnot actioned: [#rofile], [target_bg], [int((profile['min_bg'] + profile['max_bg'])/2]
appended new entry to profile with tempTargetset=True
edited old value of False in profile with temptargetSet=True
edited old value of True in profile with allowSMB_with_high_temptarget=False

loop execution in row=9868 of logfile /mnt/831eaeed-366e-4227-8611-577411edb9ca/Dries/backup/APS-what-if/software/aapsLogs/AndroidAPS._2025-12-28_03.log.zip at= 2025-12-28T02:36:50.422Z
edited old value of True in profile with enable_autoISF=False
edited old value of 0.6 in profile with smb_delivery_ratio=0.5
edited old value of 81.0 in profile with min_bg=101
edited old value of 99.0 in profile with max_bg=101
#rofile is an unrecognised array/json/keywordnot actioned: [#rofile], [target_bg], [int((profile['min_bg'] + profile['max_bg'])/2]
appended new entry to profile with tempTargetset=True
edited old value of False in profile with temptargetSet=True
edited old value of True in profile with allowSMB_with_high_temptarget=False

loop execution in row=10058 of logfile /mnt/831eaeed-366e-4227-8611-577411edb9ca/Dries/backup/APS-what-if/software/aapsLogs/AndroidAPS._2025-12-28_03.log.zip at= 2025-12-28T02:37:50.896Z
edited old value of True in profile with enable_autoISF=False
edited old value of 0.6 in profile with smb_delivery_ratio=0.5
edited old value of 81.0 in profile with min_bg=101
edited old value of 99.0 in profile with max_bg=101
#rofile is an unrecognised array/json/keywordnot actioned: [#rofile], [target_bg], [int((profile['min_bg'] + profile['max_bg'])/2]
appended new entry to profile with tempTargetset=True
edited old value of False in profile with temptargetSet=True
edited old value of True in profile with allowSMB_with_high_temptarget=False

loop execution in row=10245 of logfile /mnt/831eaeed-366e-4227-8611-577411edb9ca/Dries/backup/APS-what-if/software/aapsLogs/AndroidAPS._2025-12-28_03.log.zip at= 2025-12-28T02:38:51.445Z
edited old value of True in profile with enable_autoISF=False
edited old value of 0.6 in profile with smb_delivery_ratio=0.5
edited old value of 81.0 in profile with min_bg=101
edited old value of 99.0 in profile with max_bg=101
#rofile is an unrecognised array/json/keywordnot actioned: [#rofile], [target_bg], [int((profile['min_bg'] + profile['max_bg'])/2]
appended new entry to profile with tempTargetset=True
edited old value of False in profile with temptargetSet=True
edited old value of True in profile with allowSMB_with_high_temptarget=False

loop execution in row=10436 of logfile /mnt/831eaeed-366e-4227-8611-577411edb9ca/Dries/backup/APS-what-if/software/aapsLogs/AndroidAPS._2025-12-28_03.log.zip at= 2025-12-28T02:39:51.516Z
edited old value of True in profile with enable_autoISF=False
edited old value of 0.6 in profile with smb_delivery_ratio=0.5
edited old value of 81.0 in profile with min_bg=101
edited old value of 99.0 in profile with max_bg=101
#rofile is an unrecognised array/json/keywordnot actioned: [#rofile], [target_bg], [int((profile['min_bg'] + profile['max_bg'])/2]
appended new entry to profile with tempTargetset=True
edited old value of False in profile with temptargetSet=True
edited old value of True in profile with allowSMB_with_high_temptarget=False

loop execution in row=10626 of logfile /mnt/831eaeed-366e-4227-8611-577411edb9ca/Dries/backup/APS-what-if/software/aapsLogs/AndroidAPS._2025-12-28_03.log.zip at= 2025-12-28T02:40:51.968Z
edited old value of True in profile with enable_autoISF=False
edited old value of 0.6 in profile with smb_delivery_ratio=0.5
edited old value of 81.0 in profile with min_bg=101
edited old value of 99.0 in profile with max_bg=101
#rofile is an unrecognised array/json/keywordnot actioned: [#rofile], [target_bg], [int((profile['min_bg'] + profile['max_bg'])/2]
appended new entry to profile with tempTargetset=True
edited old value of False in profile with temptargetSet=True
edited old value of True in profile with allowSMB_with_high_temptarget=False

loop execution in row=10810 of logfile /mnt/831eaeed-366e-4227-8611-577411edb9ca/Dries/backup/APS-what-if/software/aapsLogs/AndroidAPS._2025-12-28_03.log.zip at= 2025-12-28T02:41:52.471Z
edited old value of True in profile with enable_autoISF=False
edited old value of 0.6 in profile with smb_delivery_ratio=0.5
edited old value of 81.0 in profile with min_bg=101
edited old value of 99.0 in profile with max_bg=101
#rofile is an unrecognised array/json/keywordnot actioned: [#rofile], [target_bg], [int((profile['min_bg'] + profile['max_bg'])/2]
appended new entry to profile with tempTargetset=True
edited old value of False in profile with temptargetSet=True
edited old value of True in profile with allowSMB_with_high_temptarget=False

loop execution in row=10998 of logfile /mnt/831eaeed-366e-4227-8611-577411edb9ca/Dries/backup/APS-what-if/software/aapsLogs/AndroidAPS._2025-12-28_03.log.zip at= 2025-12-28T02:42:52.526Z
edited old value of True in profile with enable_autoISF=False
edited old value of 0.6 in profile with smb_delivery_ratio=0.5
edited old value of 81.0 in profile with min_bg=101
edited old value of 99.0 in profile with max_bg=101
#rofile is an unrecognised array/json/keywordnot actioned: [#rofile], [target_bg], [int((profile['min_bg'] + profile['max_bg'])/2]
appended new entry to profile with tempTargetset=True
edited old value of False in profile with temptargetSet=True
edited old value of True in profile with allowSMB_with_high_temptarget=False

loop execution in row=11186 of logfile /mnt/831eaeed-366e-4227-8611-577411edb9ca/Dries/backup/APS-what-if/software/aapsLogs/AndroidAPS._2025-12-28_03.log.zip at= 2025-12-28T02:43:53.300Z
edited old value of True in profile with enable_autoISF=False
edited old value of 0.6 in profile with smb_delivery_ratio=0.5
edited old value of 81.0 in profile with min_bg=101
edited old value of 99.0 in profile with max_bg=101
#rofile is an unrecognised array/json/keywordnot actioned: [#rofile], [target_bg], [int((profile['min_bg'] + profile['max_bg'])/2]
appended new entry to profile with tempTargetset=True
edited old value of False in profile with temptargetSet=True
edited old value of True in profile with allowSMB_with_high_temptarget=False

loop execution in row=11375 of logfile /mnt/831eaeed-366e-4227-8611-577411edb9ca/Dries/backup/APS-what-if/software/aapsLogs/AndroidAPS._2025-12-28_03.log.zip at= 2025-12-28T02:44:53.393Z
edited old value of True in profile with enable_autoISF=False
edited old value of 0.6 in profile with smb_delivery_ratio=0.5
edited old value of 81.0 in profile with min_bg=101
edited old value of 99.0 in profile with max_bg=101
#rofile is an unrecognised array/json/keywordnot actioned: [#rofile], [target_bg], [int((profile['min_bg'] + profile['max_bg'])/2]
appended new entry to profile with tempTargetset=True
edited old value of False in profile with temptargetSet=True
edited old value of True in profile with allowSMB_with_high_temptarget=False

loop execution in row=12255 of logfile /mnt/831eaeed-366e-4227-8611-577411edb9ca/Dries/backup/APS-what-if/software/aapsLogs/AndroidAPS._2025-12-28_03.log.zip at= 2025-12-28T02:45:56.752Z
edited old value of True in profile with enable_autoISF=False
edited old value of 0.6 in profile with smb_delivery_ratio=0.5
edited old value of 81.0 in profile with min_bg=101
edited old value of 99.0 in profile with max_bg=101
#rofile is an unrecognised array/json/keywordnot actioned: [#rofile], [target_bg], [int((profile['min_bg'] + profile['max_bg'])/2]
appended new entry to profile with tempTargetset=True
edited old value of False in profile with temptargetSet=True
edited old value of True in profile with allowSMB_with_high_temptarget=False

loop execution in row=12588 of logfile /mnt/831eaeed-366e-4227-8611-577411edb9ca/Dries/backup/APS-what-if/software/aapsLogs/AndroidAPS._2025-12-28_03.log.zip at= 2025-12-28T02:46:56.973Z
edited old value of True in profile with enable_autoISF=False
edited old value of 0.6 in profile with smb_delivery_ratio=0.5
edited old value of 81.0 in profile with min_bg=101
edited old value of 99.0 in profile with max_bg=101
#rofile is an unrecognised array/json/keywordnot actioned: [#rofile], [target_bg], [int((profile['min_bg'] + profile['max_bg'])/2]
appended new entry to profile with tempTargetset=True
edited old value of False in profile with temptargetSet=True
edited old value of True in profile with allowSMB_with_high_temptarget=False

loop execution in row=12926 of logfile /mnt/831eaeed-366e-4227-8611-577411edb9ca/Dries/backup/APS-what-if/software/aapsLogs/AndroidAPS._2025-12-28_03.log.zip at= 2025-12-28T02:47:57.414Z
edited old value of True in profile with enable_autoISF=False
edited old value of 0.6 in profile with smb_delivery_ratio=0.5
edited old value of 81.0 in profile with min_bg=101
edited old value of 99.0 in profile with max_bg=101
#rofile is an unrecognised array/json/keywordnot actioned: [#rofile], [target_bg], [int((profile['min_bg'] + profile['max_bg'])/2]
appended new entry to profile with tempTargetset=True
edited old value of False in profile with temptargetSet=True
edited old value of True in profile with allowSMB_with_high_temptarget=False

loop execution in row=13329 of logfile /mnt/831eaeed-366e-4227-8611-577411edb9ca/Dries/backup/APS-what-if/software/aapsLogs/AndroidAPS._2025-12-28_03.log.zip at= 2025-12-28T02:48:57.894Z
edited old value of True in profile with enable_autoISF=False
edited old value of 0.6 in profile with smb_delivery_ratio=0.5
edited old value of 81.0 in profile with min_bg=101
edited old value of 99.0 in profile with max_bg=101
#rofile is an unrecognised array/json/keywordnot actioned: [#rofile], [target_bg], [int((profile['min_bg'] + profile['max_bg'])/2]
appended new entry to profile with tempTargetset=True
edited old value of False in profile with temptargetSet=True
edited old value of True in profile with allowSMB_with_high_temptarget=False

loop execution in row=13620 of logfile /mnt/831eaeed-366e-4227-8611-577411edb9ca/Dries/backup/APS-what-if/software/aapsLogs/AndroidAPS._2025-12-28_03.log.zip at= 2025-12-28T02:49:58.057Z
edited old value of True in profile with enable_autoISF=False
edited old value of 0.6 in profile with smb_delivery_ratio=0.5
edited old value of 81.0 in profile with min_bg=101
edited old value of 99.0 in profile with max_bg=101
#rofile is an unrecognised array/json/keywordnot actioned: [#rofile], [target_bg], [int((profile['min_bg'] + profile['max_bg'])/2]
appended new entry to profile with tempTargetset=True
edited old value of False in profile with temptargetSet=True
edited old value of True in profile with allowSMB_with_high_temptarget=False

loop execution in row=13828 of logfile /mnt/831eaeed-366e-4227-8611-577411edb9ca/Dries/backup/APS-what-if/software/aapsLogs/AndroidAPS._2025-12-28_03.log.zip at= 2025-12-28T02:50:58.271Z
edited old value of True in profile with enable_autoISF=False
edited old value of 0.6 in profile with smb_delivery_ratio=0.5
edited old value of 81.0 in profile with min_bg=101
edited old value of 99.0 in profile with max_bg=101
#rofile is an unrecognised array/json/keywordnot actioned: [#rofile], [target_bg], [int((profile['min_bg'] + profile['max_bg'])/2]
appended new entry to profile with tempTargetset=True
edited old value of False in profile with temptargetSet=True
edited old value of True in profile with allowSMB_with_high_temptarget=False

loop execution in row=14374 of logfile /mnt/831eaeed-366e-4227-8611-577411edb9ca/Dries/backup/APS-what-if/software/aapsLogs/AndroidAPS._2025-12-28_03.log.zip at= 2025-12-28T02:51:56.246Z
edited old value of True in profile with enable_autoISF=False
edited old value of 0.6 in profile with smb_delivery_ratio=0.5
edited old value of 81.0 in profile with min_bg=101
edited old value of 99.0 in profile with max_bg=101
#rofile is an unrecognised array/json/keywordnot actioned: [#rofile], [target_bg], [int((profile['min_bg'] + profile['max_bg'])/2]
appended new entry to profile with tempTargetset=True
edited old value of False in profile with temptargetSet=True
edited old value of True in profile with allowSMB_with_high_temptarget=False

loop execution in row=14563 of logfile /mnt/831eaeed-366e-4227-8611-577411edb9ca/Dries/backup/APS-what-if/software/aapsLogs/AndroidAPS._2025-12-28_03.log.zip at= 2025-12-28T02:52:56.394Z
edited old value of True in profile with enable_autoISF=False
edited old value of 0.6 in profile with smb_delivery_ratio=0.5
edited old value of 81.0 in profile with min_bg=101
edited old value of 99.0 in profile with max_bg=101
#rofile is an unrecognised array/json/keywordnot actioned: [#rofile], [target_bg], [int((profile['min_bg'] + profile['max_bg'])/2]
appended new entry to profile with tempTargetset=True
edited old value of False in profile with temptargetSet=True
edited old value of True in profile with allowSMB_with_high_temptarget=False

loop execution in row=15206 of logfile /mnt/831eaeed-366e-4227-8611-577411edb9ca/Dries/backup/APS-what-if/software/aapsLogs/AndroidAPS._2025-12-28_03.log.zip at= 2025-12-28T02:53:53.881Z
edited old value of True in profile with enable_autoISF=False
edited old value of 0.6 in profile with smb_delivery_ratio=0.5
edited old value of 81.0 in profile with min_bg=101
edited old value of 99.0 in profile with max_bg=101
#rofile is an unrecognised array/json/keywordnot actioned: [#rofile], [target_bg], [int((profile['min_bg'] + profile['max_bg'])/2]
appended new entry to profile with tempTargetset=True
edited old value of False in profile with temptargetSet=True
edited old value of True in profile with allowSMB_with_high_temptarget=False

loop execution in row=15535 of logfile /mnt/831eaeed-366e-4227-8611-577411edb9ca/Dries/backup/APS-what-if/software/aapsLogs/AndroidAPS._2025-12-28_03.log.zip at= 2025-12-28T02:54:54.277Z
edited old value of True in profile with enable_autoISF=False
edited old value of 0.6 in profile with smb_delivery_ratio=0.5
edited old value of 81.0 in profile with min_bg=101
edited old value of 99.0 in profile with max_bg=101
#rofile is an unrecognised array/json/keywordnot actioned: [#rofile], [target_bg], [int((profile['min_bg'] + profile['max_bg'])/2]
appended new entry to profile with tempTargetset=True
edited old value of False in profile with temptargetSet=True
edited old value of True in profile with allowSMB_with_high_temptarget=False

loop execution in row=15727 of logfile /mnt/831eaeed-366e-4227-8611-577411edb9ca/Dries/backup/APS-what-if/software/aapsLogs/AndroidAPS._2025-12-28_03.log.zip at= 2025-12-28T02:55:53.973Z
edited old value of True in profile with enable_autoISF=False
edited old value of 0.6 in profile with smb_delivery_ratio=0.5
edited old value of 81.0 in profile with min_bg=101
edited old value of 99.0 in profile with max_bg=101
#rofile is an unrecognised array/json/keywordnot actioned: [#rofile], [target_bg], [int((profile['min_bg'] + profile['max_bg'])/2]
appended new entry to profile with tempTargetset=True
edited old value of False in profile with temptargetSet=True
edited old value of True in profile with allowSMB_with_high_temptarget=False

loop execution in row=15947 of logfile /mnt/831eaeed-366e-4227-8611-577411edb9ca/Dries/backup/APS-what-if/software/aapsLogs/AndroidAPS._2025-12-28_03.log.zip at= 2025-12-28T02:56:55.619Z
edited old value of True in profile with enable_autoISF=False
edited old value of 0.6 in profile with smb_delivery_ratio=0.5
edited old value of 81.0 in profile with min_bg=101
edited old value of 99.0 in profile with max_bg=101
#rofile is an unrecognised array/json/keywordnot actioned: [#rofile], [target_bg], [int((profile['min_bg'] + profile['max_bg'])/2]
appended new entry to profile with tempTargetset=True
edited old value of False in profile with temptargetSet=True
edited old value of True in profile with allowSMB_with_high_temptarget=False

loop execution in row=16242 of logfile /mnt/831eaeed-366e-4227-8611-577411edb9ca/Dries/backup/APS-what-if/software/aapsLogs/AndroidAPS._2025-12-28_03.log.zip at= 2025-12-28T02:57:55.317Z
edited old value of True in profile with enable_autoISF=False
edited old value of 0.6 in profile with smb_delivery_ratio=0.5
edited old value of 81.0 in profile with min_bg=101
edited old value of 99.0 in profile with max_bg=101
#rofile is an unrecognised array/json/keywordnot actioned: [#rofile], [target_bg], [int((profile['min_bg'] + profile['max_bg'])/2]
appended new entry to profile with tempTargetset=True
edited old value of False in profile with temptargetSet=True
edited old value of True in profile with allowSMB_with_high_temptarget=False

loop execution in row=16524 of logfile /mnt/831eaeed-366e-4227-8611-577411edb9ca/Dries/backup/APS-what-if/software/aapsLogs/AndroidAPS._2025-12-28_03.log.zip at= 2025-12-28T02:58:56.451Z
edited old value of True in profile with enable_autoISF=False
edited old value of 0.6 in profile with smb_delivery_ratio=0.5
edited old value of 81.0 in profile with min_bg=101
edited old value of 99.0 in profile with max_bg=101
#rofile is an unrecognised array/json/keywordnot actioned: [#rofile], [target_bg], [int((profile['min_bg'] + profile['max_bg'])/2]
appended new entry to profile with tempTargetset=True
edited old value of False in profile with temptargetSet=True
edited old value of True in profile with allowSMB_with_high_temptarget=False

loop execution in row=16720 of logfile /mnt/831eaeed-366e-4227-8611-577411edb9ca/Dries/backup/APS-what-if/software/aapsLogs/AndroidAPS._2025-12-28_03.log.zip at= 2025-12-28T02:59:56.611Z
edited old value of True in profile with enable_autoISF=False
edited old value of 0.6 in profile with smb_delivery_ratio=0.5
edited old value of 81.0 in profile with min_bg=101
edited old value of 99.0 in profile with max_bg=101
#rofile is an unrecognised array/json/keywordnot actioned: [#rofile], [target_bg], [int((profile['min_bg'] + profile['max_bg'])/2]
appended new entry to profile with tempTargetset=True
edited old value of False in profile with temptargetSet=True
edited old value of True in profile with allowSMB_with_high_temptarget=False

========== Echo of what-if definitions actioned for variant Demo_Sports_Adaptations
========== created on Sun, 11 Jan 2026 15:17:40 +0100
========== for loop events found in logfile /mnt/831eaeed-366e-4227-8611-577411edb9ca/Dries/backup/APS-what-if/software/aapsLogs/AndroidAPS._2025-12-28_04.log.zip

loop execution in row=189 of logfile /mnt/831eaeed-366e-4227-8611-577411edb9ca/Dries/backup/APS-what-if/software/aapsLogs/AndroidAPS._2025-12-28_04.log.zip at= 2025-12-28T03:00:56.999Z
edited old value of True in profile with enable_autoISF=False
edited old value of 0.6 in profile with smb_delivery_ratio=0.5
edited old value of 81.0 in profile with min_bg=101
edited old value of 99.0 in profile with max_bg=101
#rofile is an unrecognised array/json/keywordnot actioned: [#rofile], [target_bg], [int((profile['min_bg'] + profile['max_bg'])/2]
appended new entry to profile with tempTargetset=True
edited old value of False in profile with temptargetSet=True
edited old value of True in profile with allowSMB_with_high_temptarget=False

loop execution in row=430 of logfile /mnt/831eaeed-366e-4227-8611-577411edb9ca/Dries/backup/APS-what-if/software/aapsLogs/AndroidAPS._2025-12-28_04.log.zip at= 2025-12-28T03:01:59.906Z
edited old value of True in profile with enable_autoISF=False
edited old value of 0.6 in profile with smb_delivery_ratio=0.5
edited old value of 81.0 in profile with min_bg=101
edited old value of 99.0 in profile with max_bg=101
#rofile is an unrecognised array/json/keywordnot actioned: [#rofile], [target_bg], [int((profile['min_bg'] + profile['max_bg'])/2]
appended new entry to profile with tempTargetset=True
edited old value of False in profile with temptargetSet=True
edited old value of True in profile with allowSMB_with_high_temptarget=False

loop execution in row=635 of logfile /mnt/831eaeed-366e-4227-8611-577411edb9ca/Dries/backup/APS-what-if/software/aapsLogs/AndroidAPS._2025-12-28_04.log.zip at= 2025-12-28T03:03:00.045Z
edited old value of True in profile with enable_autoISF=False
edited old value of 0.6 in profile with smb_delivery_ratio=0.5
edited old value of 81.0 in profile with min_bg=101
edited old value of 99.0 in profile with max_bg=101
#rofile is an unrecognised array/json/keywordnot actioned: [#rofile], [target_bg], [int((profile['min_bg'] + profile['max_bg'])/2]
appended new entry to profile with tempTargetset=True
edited old value of False in profile with temptargetSet=True
edited old value of True in profile with allowSMB_with_high_temptarget=False

loop execution in row=822 of logfile /mnt/831eaeed-366e-4227-8611-577411edb9ca/Dries/backup/APS-what-if/software/aapsLogs/AndroidAPS._2025-12-28_04.log.zip at= 2025-12-28T03:04:00.562Z
edited old value of True in profile with enable_autoISF=False
edited old value of 0.6 in profile with smb_delivery_ratio=0.5
edited old value of 81.0 in profile with min_bg=101
edited old value of 99.0 in profile with max_bg=101
#rofile is an unrecognised array/json/keywordnot actioned: [#rofile], [target_bg], [int((profile['min_bg'] + profile['max_bg'])/2]
appended new entry to profile with tempTargetset=True
edited old value of False in profile with temptargetSet=True
edited old value of True in profile with allowSMB_with_high_temptarget=False

loop execution in row=1084 of logfile /mnt/831eaeed-366e-4227-8611-577411edb9ca/Dries/backup/APS-what-if/software/aapsLogs/AndroidAPS._2025-12-28_04.log.zip at= 2025-12-28T03:05:00.772Z
edited old value of True in profile with enable_autoISF=False
edited old value of 0.6 in profile with smb_delivery_ratio=0.5
edited old value of 81.0 in profile with min_bg=101
edited old value of 99.0 in profile with max_bg=101
#rofile is an unrecognised array/json/keywordnot actioned: [#rofile], [target_bg], [int((profile['min_bg'] + profile['max_bg'])/2]
appended new entry to profile with tempTargetset=True
edited old value of False in profile with temptargetSet=True
edited old value of True in profile with allowSMB_with_high_temptarget=False

loop execution in row=1326 of logfile /mnt/831eaeed-366e-4227-8611-577411edb9ca/Dries/backup/APS-what-if/software/aapsLogs/AndroidAPS._2025-12-28_04.log.zip at= 2025-12-28T03:06:01.190Z
edited old value of True in profile with enable_autoISF=False
edited old value of 0.6 in profile with smb_delivery_ratio=0.5
edited old value of 81.0 in profile with min_bg=101
edited old value of 99.0 in profile with max_bg=101
#rofile is an unrecognised array/json/keywordnot actioned: [#rofile], [target_bg], [int((profile['min_bg'] + profile['max_bg'])/2]
appended new entry to profile with tempTargetset=True
edited old value of False in profile with temptargetSet=True
edited old value of True in profile with allowSMB_with_high_temptarget=False

loop execution in row=1629 of logfile /mnt/831eaeed-366e-4227-8611-577411edb9ca/Dries/backup/APS-what-if/software/aapsLogs/AndroidAPS._2025-12-28_04.log.zip at= 2025-12-28T03:07:02.082Z
edited old value of True in profile with enable_autoISF=False
edited old value of 0.6 in profile with smb_delivery_ratio=0.5
edited old value of 81.0 in profile with min_bg=101
edited old value of 99.0 in profile with max_bg=101
#rofile is an unrecognised array/json/keywordnot actioned: [#rofile], [target_bg], [int((profile['min_bg'] + profile['max_bg'])/2]
appended new entry to profile with tempTargetset=True
edited old value of False in profile with temptargetSet=True
edited old value of True in profile with allowSMB_with_high_temptarget=False

loop execution in row=1820 of logfile /mnt/831eaeed-366e-4227-8611-577411edb9ca/Dries/backup/APS-what-if/software/aapsLogs/AndroidAPS._2025-12-28_04.log.zip at= 2025-12-28T03:08:02.497Z
edited old value of True in profile with enable_autoISF=False
edited old value of 0.6 in profile with smb_delivery_ratio=0.5
edited old value of 81.0 in profile with min_bg=101
edited old value of 99.0 in profile with max_bg=101
#rofile is an unrecognised array/json/keywordnot actioned: [#rofile], [target_bg], [int((profile['min_bg'] + profile['max_bg'])/2]
appended new entry to profile with tempTargetset=True
edited old value of False in profile with temptargetSet=True
edited old value of True in profile with allowSMB_with_high_temptarget=False

loop execution in row=2545 of logfile /mnt/831eaeed-366e-4227-8611-577411edb9ca/Dries/backup/APS-what-if/software/aapsLogs/AndroidAPS._2025-12-28_04.log.zip at= 2025-12-28T03:09:05.931Z
edited old value of True in profile with enable_autoISF=False
edited old value of 0.6 in profile with smb_delivery_ratio=0.5
edited old value of 81.0 in profile with min_bg=101
edited old value of 99.0 in profile with max_bg=101
#rofile is an unrecognised array/json/keywordnot actioned: [#rofile], [target_bg], [int((profile['min_bg'] + profile['max_bg'])/2]
appended new entry to profile with tempTargetset=True
edited old value of False in profile with temptargetSet=True
edited old value of True in profile with allowSMB_with_high_temptarget=False

loop execution in row=2817 of logfile /mnt/831eaeed-366e-4227-8611-577411edb9ca/Dries/backup/APS-what-if/software/aapsLogs/AndroidAPS._2025-12-28_04.log.zip at= 2025-12-28T03:10:06.516Z
edited old value of True in profile with enable_autoISF=False
edited old value of 0.6 in profile with smb_delivery_ratio=0.5
edited old value of 81.0 in profile with min_bg=101
edited old value of 99.0 in profile with max_bg=101
#rofile is an unrecognised array/json/keywordnot actioned: [#rofile], [target_bg], [int((profile['min_bg'] + profile['max_bg'])/2]
appended new entry to profile with tempTargetset=True
edited old value of False in profile with temptargetSet=True
edited old value of True in profile with allowSMB_with_high_temptarget=False

loop execution in row=3099 of logfile /mnt/831eaeed-366e-4227-8611-577411edb9ca/Dries/backup/APS-what-if/software/aapsLogs/AndroidAPS._2025-12-28_04.log.zip at= 2025-12-28T03:11:05.536Z
edited old value of True in profile with enable_autoISF=False
edited old value of 0.6 in profile with smb_delivery_ratio=0.5
edited old value of 81.0 in profile with min_bg=101
edited old value of 99.0 in profile with max_bg=101
#rofile is an unrecognised array/json/keywordnot actioned: [#rofile], [target_bg], [int((profile['min_bg'] + profile['max_bg'])/2]
appended new entry to profile with tempTargetset=True
edited old value of False in profile with temptargetSet=True
edited old value of True in profile with allowSMB_with_high_temptarget=False

loop execution in row=3432 of logfile /mnt/831eaeed-366e-4227-8611-577411edb9ca/Dries/backup/APS-what-if/software/aapsLogs/AndroidAPS._2025-12-28_04.log.zip at= 2025-12-28T03:12:06.548Z
edited old value of True in profile with enable_autoISF=False
edited old value of 0.6 in profile with smb_delivery_ratio=0.5
edited old value of 81.0 in profile with min_bg=101
edited old value of 99.0 in profile with max_bg=101
#rofile is an unrecognised array/json/keywordnot actioned: [#rofile], [target_bg], [int((profile['min_bg'] + profile['max_bg'])/2]
appended new entry to profile with tempTargetset=True
edited old value of False in profile with temptargetSet=True
edited old value of True in profile with allowSMB_with_high_temptarget=False

loop execution in row=3748 of logfile /mnt/831eaeed-366e-4227-8611-577411edb9ca/Dries/backup/APS-what-if/software/aapsLogs/AndroidAPS._2025-12-28_04.log.zip at= 2025-12-28T03:13:04.784Z
edited old value of True in profile with enable_autoISF=False
edited old value of 0.6 in profile with smb_delivery_ratio=0.5
edited old value of 81.0 in profile with min_bg=101
edited old value of 99.0 in profile with max_bg=101
#rofile is an unrecognised array/json/keywordnot actioned: [#rofile], [target_bg], [int((profile['min_bg'] + profile['max_bg'])/2]
appended new entry to profile with tempTargetset=True
edited old value of False in profile with temptargetSet=True
edited old value of True in profile with allowSMB_with_high_temptarget=False

loop execution in row=4254 of logfile /mnt/831eaeed-366e-4227-8611-577411edb9ca/Dries/backup/APS-what-if/software/aapsLogs/AndroidAPS._2025-12-28_04.log.zip at= 2025-12-28T03:14:05.877Z
edited old value of True in profile with enable_autoISF=False
edited old value of 0.6 in profile with smb_delivery_ratio=0.5
edited old value of 81.0 in profile with min_bg=101
edited old value of 99.0 in profile with max_bg=101
#rofile is an unrecognised array/json/keywordnot actioned: [#rofile], [target_bg], [int((profile['min_bg'] + profile['max_bg'])/2]
appended new entry to profile with tempTargetset=True
edited old value of False in profile with temptargetSet=True
edited old value of True in profile with allowSMB_with_high_temptarget=False

loop execution in row=4458 of logfile /mnt/831eaeed-366e-4227-8611-577411edb9ca/Dries/backup/APS-what-if/software/aapsLogs/AndroidAPS._2025-12-28_04.log.zip at= 2025-12-28T03:15:05.558Z
edited old value of True in profile with enable_autoISF=False
edited old value of 0.6 in profile with smb_delivery_ratio=0.5
edited old value of 81.0 in profile with min_bg=101
edited old value of 99.0 in profile with max_bg=101
#rofile is an unrecognised array/json/keywordnot actioned: [#rofile], [target_bg], [int((profile['min_bg'] + profile['max_bg'])/2]
appended new entry to profile with tempTargetset=True
edited old value of False in profile with temptargetSet=True
edited old value of True in profile with allowSMB_with_high_temptarget=False

loop execution in row=4742 of logfile /mnt/831eaeed-366e-4227-8611-577411edb9ca/Dries/backup/APS-what-if/software/aapsLogs/AndroidAPS._2025-12-28_04.log.zip at= 2025-12-28T03:16:05.601Z
edited old value of True in profile with enable_autoISF=False
edited old value of 0.6 in profile with smb_delivery_ratio=0.5
edited old value of 81.0 in profile with min_bg=101
edited old value of 99.0 in profile with max_bg=101
#rofile is an unrecognised array/json/keywordnot actioned: [#rofile], [target_bg], [int((profile['min_bg'] + profile['max_bg'])/2]
appended new entry to profile with tempTargetset=True
edited old value of False in profile with temptargetSet=True
edited old value of True in profile with allowSMB_with_high_temptarget=False

loop execution in row=5310 of logfile /mnt/831eaeed-366e-4227-8611-577411edb9ca/Dries/backup/APS-what-if/software/aapsLogs/AndroidAPS._2025-12-28_04.log.zip at= 2025-12-28T03:17:06.425Z
edited old value of True in profile with enable_autoISF=False
edited old value of 0.6 in profile with smb_delivery_ratio=0.5
edited old value of 81.0 in profile with min_bg=101
edited old value of 99.0 in profile with max_bg=101
#rofile is an unrecognised array/json/keywordnot actioned: [#rofile], [target_bg], [int((profile['min_bg'] + profile['max_bg'])/2]
appended new entry to profile with tempTargetset=True
edited old value of False in profile with temptargetSet=True
edited old value of True in profile with allowSMB_with_high_temptarget=False

loop execution in row=5869 of logfile /mnt/831eaeed-366e-4227-8611-577411edb9ca/Dries/backup/APS-what-if/software/aapsLogs/AndroidAPS._2025-12-28_04.log.zip at= 2025-12-28T03:18:06.272Z
edited old value of True in profile with enable_autoISF=False
edited old value of 0.6 in profile with smb_delivery_ratio=0.5
edited old value of 81.0 in profile with min_bg=101
edited old value of 99.0 in profile with max_bg=101
#rofile is an unrecognised array/json/keywordnot actioned: [#rofile], [target_bg], [int((profile['min_bg'] + profile['max_bg'])/2]
appended new entry to profile with tempTargetset=True
edited old value of False in profile with temptargetSet=True
edited old value of True in profile with allowSMB_with_high_temptarget=False

loop execution in row=6529 of logfile /mnt/831eaeed-366e-4227-8611-577411edb9ca/Dries/backup/APS-what-if/software/aapsLogs/AndroidAPS._2025-12-28_04.log.zip at= 2025-12-28T03:19:04.428Z
edited old value of True in profile with enable_autoISF=False
edited old value of 0.6 in profile with smb_delivery_ratio=0.5
edited old value of 81.0 in profile with min_bg=101
edited old value of 99.0 in profile with max_bg=101
#rofile is an unrecognised array/json/keywordnot actioned: [#rofile], [target_bg], [int((profile['min_bg'] + profile['max_bg'])/2]
appended new entry to profile with tempTargetset=True
edited old value of False in profile with temptargetSet=True
edited old value of True in profile with allowSMB_with_high_temptarget=False

loop execution in row=6749 of logfile /mnt/831eaeed-366e-4227-8611-577411edb9ca/Dries/backup/APS-what-if/software/aapsLogs/AndroidAPS._2025-12-28_04.log.zip at= 2025-12-28T03:20:05.987Z
edited old value of True in profile with enable_autoISF=False
edited old value of 0.6 in profile with smb_delivery_ratio=0.5
edited old value of 81.0 in profile with min_bg=101
edited old value of 99.0 in profile with max_bg=101
#rofile is an unrecognised array/json/keywordnot actioned: [#rofile], [target_bg], [int((profile['min_bg'] + profile['max_bg'])/2]
appended new entry to profile with tempTargetset=True
edited old value of False in profile with temptargetSet=True
edited old value of True in profile with allowSMB_with_high_temptarget=False

loop execution in row=6952 of logfile /mnt/831eaeed-366e-4227-8611-577411edb9ca/Dries/backup/APS-what-if/software/aapsLogs/AndroidAPS._2025-12-28_04.log.zip at= 2025-12-28T03:21:04.860Z
edited old value of True in profile with enable_autoISF=False
edited old value of 0.6 in profile with smb_delivery_ratio=0.5
edited old value of 81.0 in profile with min_bg=101
edited old value of 99.0 in profile with max_bg=101
#rofile is an unrecognised array/json/keywordnot actioned: [#rofile], [target_bg], [int((profile['min_bg'] + profile['max_bg'])/2]
appended new entry to profile with tempTargetset=True
edited old value of False in profile with temptargetSet=True
edited old value of True in profile with allowSMB_with_high_temptarget=False

loop execution in row=7219 of logfile /mnt/831eaeed-366e-4227-8611-577411edb9ca/Dries/backup/APS-what-if/software/aapsLogs/AndroidAPS._2025-12-28_04.log.zip at= 2025-12-28T03:22:06.327Z
edited old value of True in profile with enable_autoISF=False
edited old value of 0.6 in profile with smb_delivery_ratio=0.5
edited old value of 81.0 in profile with min_bg=101
edited old value of 99.0 in profile with max_bg=101
#rofile is an unrecognised array/json/keywordnot actioned: [#rofile], [target_bg], [int((profile['min_bg'] + profile['max_bg'])/2]
appended new entry to profile with tempTargetset=True
edited old value of False in profile with temptargetSet=True
edited old value of True in profile with allowSMB_with_high_temptarget=False

loop execution in row=7415 of logfile /mnt/831eaeed-366e-4227-8611-577411edb9ca/Dries/backup/APS-what-if/software/aapsLogs/AndroidAPS._2025-12-28_04.log.zip at= 2025-12-28T03:23:06.281Z
edited old value of True in profile with enable_autoISF=False
edited old value of 0.6 in profile with smb_delivery_ratio=0.5
edited old value of 81.0 in profile with min_bg=101
edited old value of 99.0 in profile with max_bg=101
#rofile is an unrecognised array/json/keywordnot actioned: [#rofile], [target_bg], [int((profile['min_bg'] + profile['max_bg'])/2]
appended new entry to profile with tempTargetset=True
edited old value of False in profile with temptargetSet=True
edited old value of True in profile with allowSMB_with_high_temptarget=False

loop execution in row=7609 of logfile /mnt/831eaeed-366e-4227-8611-577411edb9ca/Dries/backup/APS-what-if/software/aapsLogs/AndroidAPS._2025-12-28_04.log.zip at= 2025-12-28T03:24:07.434Z
edited old value of True in profile with enable_autoISF=False
edited old value of 0.6 in profile with smb_delivery_ratio=0.5
edited old value of 81.0 in profile with min_bg=101
edited old value of 99.0 in profile with max_bg=101
#rofile is an unrecognised array/json/keywordnot actioned: [#rofile], [target_bg], [int((profile['min_bg'] + profile['max_bg'])/2]
appended new entry to profile with tempTargetset=True
edited old value of False in profile with temptargetSet=True
edited old value of True in profile with allowSMB_with_high_temptarget=False

loop execution in row=7866 of logfile /mnt/831eaeed-366e-4227-8611-577411edb9ca/Dries/backup/APS-what-if/software/aapsLogs/AndroidAPS._2025-12-28_04.log.zip at= 2025-12-28T03:25:07.415Z
edited old value of True in profile with enable_autoISF=False
edited old value of 0.6 in profile with smb_delivery_ratio=0.5
edited old value of 81.0 in profile with min_bg=101
edited old value of 99.0 in profile with max_bg=101
#rofile is an unrecognised array/json/keywordnot actioned: [#rofile], [target_bg], [int((profile['min_bg'] + profile['max_bg'])/2]
appended new entry to profile with tempTargetset=True
edited old value of False in profile with temptargetSet=True
edited old value of True in profile with allowSMB_with_high_temptarget=False

loop execution in row=8080 of logfile /mnt/831eaeed-366e-4227-8611-577411edb9ca/Dries/backup/APS-what-if/software/aapsLogs/AndroidAPS._2025-12-28_04.log.zip at= 2025-12-28T03:26:08.604Z
edited old value of True in profile with enable_autoISF=False
edited old value of 0.6 in profile with smb_delivery_ratio=0.5
edited old value of 81.0 in profile with min_bg=101
edited old value of 99.0 in profile with max_bg=101
#rofile is an unrecognised array/json/keywordnot actioned: [#rofile], [target_bg], [int((profile['min_bg'] + profile['max_bg'])/2]
appended new entry to profile with tempTargetset=True
edited old value of False in profile with temptargetSet=True
edited old value of True in profile with allowSMB_with_high_temptarget=False

loop execution in row=8381 of logfile /mnt/831eaeed-366e-4227-8611-577411edb9ca/Dries/backup/APS-what-if/software/aapsLogs/AndroidAPS._2025-12-28_04.log.zip at= 2025-12-28T03:27:08.056Z
edited old value of True in profile with enable_autoISF=False
edited old value of 0.6 in profile with smb_delivery_ratio=0.5
edited old value of 81.0 in profile with min_bg=101
edited old value of 99.0 in profile with max_bg=101
#rofile is an unrecognised array/json/keywordnot actioned: [#rofile], [target_bg], [int((profile['min_bg'] + profile['max_bg'])/2]
appended new entry to profile with tempTargetset=True
edited old value of False in profile with temptargetSet=True
edited old value of True in profile with allowSMB_with_high_temptarget=False

loop execution in row=8586 of logfile /mnt/831eaeed-366e-4227-8611-577411edb9ca/Dries/backup/APS-what-if/software/aapsLogs/AndroidAPS._2025-12-28_04.log.zip at= 2025-12-28T03:28:07.942Z
edited old value of True in profile with enable_autoISF=False
edited old value of 0.6 in profile with smb_delivery_ratio=0.5
edited old value of 81.0 in profile with min_bg=101
edited old value of 99.0 in profile with max_bg=101
#rofile is an unrecognised array/json/keywordnot actioned: [#rofile], [target_bg], [int((profile['min_bg'] + profile['max_bg'])/2]
appended new entry to profile with tempTargetset=True
edited old value of False in profile with temptargetSet=True
edited old value of True in profile with allowSMB_with_high_temptarget=False

loop execution in row=8778 of logfile /mnt/831eaeed-366e-4227-8611-577411edb9ca/Dries/backup/APS-what-if/software/aapsLogs/AndroidAPS._2025-12-28_04.log.zip at= 2025-12-28T03:29:07.649Z
edited old value of True in profile with enable_autoISF=False
edited old value of 0.6 in profile with smb_delivery_ratio=0.5
edited old value of 81.0 in profile with min_bg=101
edited old value of 99.0 in profile with max_bg=101
#rofile is an unrecognised array/json/keywordnot actioned: [#rofile], [target_bg], [int((profile['min_bg'] + profile['max_bg'])/2]
appended new entry to profile with tempTargetset=True
edited old value of False in profile with temptargetSet=True
edited old value of True in profile with allowSMB_with_high_temptarget=False

loop execution in row=9044 of logfile /mnt/831eaeed-366e-4227-8611-577411edb9ca/Dries/backup/APS-what-if/software/aapsLogs/AndroidAPS._2025-12-28_04.log.zip at= 2025-12-28T03:30:08.627Z
edited old value of True in profile with enable_autoISF=False
edited old value of 0.6 in profile with smb_delivery_ratio=0.5
edited old value of 81.0 in profile with min_bg=101
edited old value of 99.0 in profile with max_bg=101
#rofile is an unrecognised array/json/keywordnot actioned: [#rofile], [target_bg], [int((profile['min_bg'] + profile['max_bg'])/2]
appended new entry to profile with tempTargetset=True
edited old value of False in profile with temptargetSet=True
edited old value of True in profile with allowSMB_with_high_temptarget=False

loop execution in row=9245 of logfile /mnt/831eaeed-366e-4227-8611-577411edb9ca/Dries/backup/APS-what-if/software/aapsLogs/AndroidAPS._2025-12-28_04.log.zip at= 2025-12-28T03:31:09.916Z
edited old value of True in profile with enable_autoISF=False
edited old value of 0.6 in profile with smb_delivery_ratio=0.5
edited old value of 81.0 in profile with min_bg=101
edited old value of 99.0 in profile with max_bg=101
#rofile is an unrecognised array/json/keywordnot actioned: [#rofile], [target_bg], [int((profile['min_bg'] + profile['max_bg'])/2]
appended new entry to profile with tempTargetset=True
edited old value of False in profile with temptargetSet=True
edited old value of True in profile with allowSMB_with_high_temptarget=False

loop execution in row=9438 of logfile /mnt/831eaeed-366e-4227-8611-577411edb9ca/Dries/backup/APS-what-if/software/aapsLogs/AndroidAPS._2025-12-28_04.log.zip at= 2025-12-28T03:32:10.298Z
edited old value of True in profile with enable_autoISF=False
edited old value of 0.6 in profile with smb_delivery_ratio=0.5
edited old value of 81.0 in profile with min_bg=101
edited old value of 99.0 in profile with max_bg=101
#rofile is an unrecognised array/json/keywordnot actioned: [#rofile], [target_bg], [int((profile['min_bg'] + profile['max_bg'])/2]
appended new entry to profile with tempTargetset=True
edited old value of False in profile with temptargetSet=True
edited old value of True in profile with allowSMB_with_high_temptarget=False

loop execution in row=9676 of logfile /mnt/831eaeed-366e-4227-8611-577411edb9ca/Dries/backup/APS-what-if/software/aapsLogs/AndroidAPS._2025-12-28_04.log.zip at= 2025-12-28T03:33:10.323Z
edited old value of True in profile with enable_autoISF=False
edited old value of 0.6 in profile with smb_delivery_ratio=0.5
edited old value of 81.0 in profile with min_bg=101
edited old value of 99.0 in profile with max_bg=101
#rofile is an unrecognised array/json/keywordnot actioned: [#rofile], [target_bg], [int((profile['min_bg'] + profile['max_bg'])/2]
appended new entry to profile with tempTargetset=True
edited old value of False in profile with temptargetSet=True
edited old value of True in profile with allowSMB_with_high_temptarget=False

loop execution in row=9873 of logfile /mnt/831eaeed-366e-4227-8611-577411edb9ca/Dries/backup/APS-what-if/software/aapsLogs/AndroidAPS._2025-12-28_04.log.zip at= 2025-12-28T03:34:11.035Z
edited old value of True in profile with enable_autoISF=False
edited old value of 0.6 in profile with smb_delivery_ratio=0.5
edited old value of 81.0 in profile with min_bg=101
edited old value of 99.0 in profile with max_bg=101
#rofile is an unrecognised array/json/keywordnot actioned: [#rofile], [target_bg], [int((profile['min_bg'] + profile['max_bg'])/2]
appended new entry to profile with tempTargetset=True
edited old value of False in profile with temptargetSet=True
edited old value of True in profile with allowSMB_with_high_temptarget=False

loop execution in row=10080 of logfile /mnt/831eaeed-366e-4227-8611-577411edb9ca/Dries/backup/APS-what-if/software/aapsLogs/AndroidAPS._2025-12-28_04.log.zip at= 2025-12-28T03:35:10.017Z
edited old value of True in profile with enable_autoISF=False
edited old value of 0.6 in profile with smb_delivery_ratio=0.5
edited old value of 81.0 in profile with min_bg=101
edited old value of 99.0 in profile with max_bg=101
#rofile is an unrecognised array/json/keywordnot actioned: [#rofile], [target_bg], [int((profile['min_bg'] + profile['max_bg'])/2]
appended new entry to profile with tempTargetset=True
edited old value of False in profile with temptargetSet=True
edited old value of True in profile with allowSMB_with_high_temptarget=False

loop execution in row=10461 of logfile /mnt/831eaeed-366e-4227-8611-577411edb9ca/Dries/backup/APS-what-if/software/aapsLogs/AndroidAPS._2025-12-28_04.log.zip at= 2025-12-28T03:36:11.445Z
edited old value of True in profile with enable_autoISF=False
edited old value of 0.6 in profile with smb_delivery_ratio=0.5
edited old value of 81.0 in profile with min_bg=101
edited old value of 99.0 in profile with max_bg=101
#rofile is an unrecognised array/json/keywordnot actioned: [#rofile], [target_bg], [int((profile['min_bg'] + profile['max_bg'])/2]
appended new entry to profile with tempTargetset=True
edited old value of False in profile with temptargetSet=True
edited old value of True in profile with allowSMB_with_high_temptarget=False

loop execution in row=10721 of logfile /mnt/831eaeed-366e-4227-8611-577411edb9ca/Dries/backup/APS-what-if/software/aapsLogs/AndroidAPS._2025-12-28_04.log.zip at= 2025-12-28T03:37:12.128Z
edited old value of True in profile with enable_autoISF=False
edited old value of 0.6 in profile with smb_delivery_ratio=0.5
edited old value of 81.0 in profile with min_bg=101
edited old value of 99.0 in profile with max_bg=101
#rofile is an unrecognised array/json/keywordnot actioned: [#rofile], [target_bg], [int((profile['min_bg'] + profile['max_bg'])/2]
appended new entry to profile with tempTargetset=True
edited old value of False in profile with temptargetSet=True
edited old value of True in profile with allowSMB_with_high_temptarget=False

loop execution in row=11003 of logfile /mnt/831eaeed-366e-4227-8611-577411edb9ca/Dries/backup/APS-what-if/software/aapsLogs/AndroidAPS._2025-12-28_04.log.zip at= 2025-12-28T03:38:12.615Z
edited old value of True in profile with enable_autoISF=False
edited old value of 0.6 in profile with smb_delivery_ratio=0.5
edited old value of 81.0 in profile with min_bg=101
edited old value of 99.0 in profile with max_bg=101
#rofile is an unrecognised array/json/keywordnot actioned: [#rofile], [target_bg], [int((profile['min_bg'] + profile['max_bg'])/2]
appended new entry to profile with tempTargetset=True
edited old value of False in profile with temptargetSet=True
edited old value of True in profile with allowSMB_with_high_temptarget=False

loop execution in row=11813 of logfile /mnt/831eaeed-366e-4227-8611-577411edb9ca/Dries/backup/APS-what-if/software/aapsLogs/AndroidAPS._2025-12-28_04.log.zip at= 2025-12-28T03:39:13.119Z
edited old value of True in profile with enable_autoISF=False
edited old value of 0.6 in profile with smb_delivery_ratio=0.5
edited old value of 81.0 in profile with min_bg=101
edited old value of 99.0 in profile with max_bg=101
#rofile is an unrecognised array/json/keywordnot actioned: [#rofile], [target_bg], [int((profile['min_bg'] + profile['max_bg'])/2]
appended new entry to profile with tempTargetset=True
edited old value of False in profile with temptargetSet=True
edited old value of True in profile with allowSMB_with_high_temptarget=False

loop execution in row=12521 of logfile /mnt/831eaeed-366e-4227-8611-577411edb9ca/Dries/backup/APS-what-if/software/aapsLogs/AndroidAPS._2025-12-28_04.log.zip at= 2025-12-28T03:40:12.162Z
edited old value of True in profile with enable_autoISF=False
edited old value of 0.6 in profile with smb_delivery_ratio=0.5
edited old value of 81.0 in profile with min_bg=101
edited old value of 99.0 in profile with max_bg=101
#rofile is an unrecognised array/json/keywordnot actioned: [#rofile], [target_bg], [int((profile['min_bg'] + profile['max_bg'])/2]
appended new entry to profile with tempTargetset=True
edited old value of False in profile with temptargetSet=True
edited old value of True in profile with allowSMB_with_high_temptarget=False

loop execution in row=12819 of logfile /mnt/831eaeed-366e-4227-8611-577411edb9ca/Dries/backup/APS-what-if/software/aapsLogs/AndroidAPS._2025-12-28_04.log.zip at= 2025-12-28T03:41:12.804Z
edited old value of True in profile with enable_autoISF=False
edited old value of 0.6 in profile with smb_delivery_ratio=0.5
edited old value of 81.0 in profile with min_bg=101
edited old value of 99.0 in profile with max_bg=101
#rofile is an unrecognised array/json/keywordnot actioned: [#rofile], [target_bg], [int((profile['min_bg'] + profile['max_bg'])/2]
appended new entry to profile with tempTargetset=True
edited old value of False in profile with temptargetSet=True
edited old value of True in profile with allowSMB_with_high_temptarget=False

loop execution in row=13188 of logfile /mnt/831eaeed-366e-4227-8611-577411edb9ca/Dries/backup/APS-what-if/software/aapsLogs/AndroidAPS._2025-12-28_04.log.zip at= 2025-12-28T03:42:13.005Z
edited old value of True in profile with enable_autoISF=False
edited old value of 0.6 in profile with smb_delivery_ratio=0.5
edited old value of 81.0 in profile with min_bg=101
edited old value of 99.0 in profile with max_bg=101
#rofile is an unrecognised array/json/keywordnot actioned: [#rofile], [target_bg], [int((profile['min_bg'] + profile['max_bg'])/2]
appended new entry to profile with tempTargetset=True
edited old value of False in profile with temptargetSet=True
edited old value of True in profile with allowSMB_with_high_temptarget=False

loop execution in row=13384 of logfile /mnt/831eaeed-366e-4227-8611-577411edb9ca/Dries/backup/APS-what-if/software/aapsLogs/AndroidAPS._2025-12-28_04.log.zip at= 2025-12-28T03:43:13.515Z
edited old value of True in profile with enable_autoISF=False
edited old value of 0.6 in profile with smb_delivery_ratio=0.5
edited old value of 81.0 in profile with min_bg=101
edited old value of 99.0 in profile with max_bg=101
#rofile is an unrecognised array/json/keywordnot actioned: [#rofile], [target_bg], [int((profile['min_bg'] + profile['max_bg'])/2]
appended new entry to profile with tempTargetset=True
edited old value of False in profile with temptargetSet=True
edited old value of True in profile with allowSMB_with_high_temptarget=False

loop execution in row=13585 of logfile /mnt/831eaeed-366e-4227-8611-577411edb9ca/Dries/backup/APS-what-if/software/aapsLogs/AndroidAPS._2025-12-28_04.log.zip at= 2025-12-28T03:44:13.846Z
edited old value of True in profile with enable_autoISF=False
edited old value of 0.6 in profile with smb_delivery_ratio=0.5
edited old value of 81.0 in profile with min_bg=101
edited old value of 99.0 in profile with max_bg=101
#rofile is an unrecognised array/json/keywordnot actioned: [#rofile], [target_bg], [int((profile['min_bg'] + profile['max_bg'])/2]
appended new entry to profile with tempTargetset=True
edited old value of False in profile with temptargetSet=True
edited old value of True in profile with allowSMB_with_high_temptarget=False

loop execution in row=13847 of logfile /mnt/831eaeed-366e-4227-8611-577411edb9ca/Dries/backup/APS-what-if/software/aapsLogs/AndroidAPS._2025-12-28_04.log.zip at= 2025-12-28T03:45:14.919Z
edited old value of True in profile with enable_autoISF=False
edited old value of 0.6 in profile with smb_delivery_ratio=0.5
edited old value of 81.0 in profile with min_bg=101
edited old value of 99.0 in profile with max_bg=101
#rofile is an unrecognised array/json/keywordnot actioned: [#rofile], [target_bg], [int((profile['min_bg'] + profile['max_bg'])/2]
appended new entry to profile with tempTargetset=True
edited old value of False in profile with temptargetSet=True
edited old value of True in profile with allowSMB_with_high_temptarget=False

loop execution in row=14580 of logfile /mnt/831eaeed-366e-4227-8611-577411edb9ca/Dries/backup/APS-what-if/software/aapsLogs/AndroidAPS._2025-12-28_04.log.zip at= 2025-12-28T03:46:15.820Z
edited old value of True in profile with enable_autoISF=False
edited old value of 0.6 in profile with smb_delivery_ratio=0.5
edited old value of 81.0 in profile with min_bg=101
edited old value of 99.0 in profile with max_bg=101
#rofile is an unrecognised array/json/keywordnot actioned: [#rofile], [target_bg], [int((profile['min_bg'] + profile['max_bg'])/2]
appended new entry to profile with tempTargetset=True
edited old value of False in profile with temptargetSet=True
edited old value of True in profile with allowSMB_with_high_temptarget=False

loop execution in row=15387 of logfile /mnt/831eaeed-366e-4227-8611-577411edb9ca/Dries/backup/APS-what-if/software/aapsLogs/AndroidAPS._2025-12-28_04.log.zip at= 2025-12-28T03:47:15.882Z
edited old value of True in profile with enable_autoISF=False
edited old value of 0.6 in profile with smb_delivery_ratio=0.5
edited old value of 81.0 in profile with min_bg=101
edited old value of 99.0 in profile with max_bg=101
#rofile is an unrecognised array/json/keywordnot actioned: [#rofile], [target_bg], [int((profile['min_bg'] + profile['max_bg'])/2]
appended new entry to profile with tempTargetset=True
edited old value of False in profile with temptargetSet=True
edited old value of True in profile with allowSMB_with_high_temptarget=False

loop execution in row=15606 of logfile /mnt/831eaeed-366e-4227-8611-577411edb9ca/Dries/backup/APS-what-if/software/aapsLogs/AndroidAPS._2025-12-28_04.log.zip at= 2025-12-28T03:48:17.154Z
edited old value of True in profile with enable_autoISF=False
edited old value of 0.6 in profile with smb_delivery_ratio=0.5
edited old value of 81.0 in profile with min_bg=101
edited old value of 99.0 in profile with max_bg=101
#rofile is an unrecognised array/json/keywordnot actioned: [#rofile], [target_bg], [int((profile['min_bg'] + profile['max_bg'])/2]
appended new entry to profile with tempTargetset=True
edited old value of False in profile with temptargetSet=True
edited old value of True in profile with allowSMB_with_high_temptarget=False

loop execution in row=16199 of logfile /mnt/831eaeed-366e-4227-8611-577411edb9ca/Dries/backup/APS-what-if/software/aapsLogs/AndroidAPS._2025-12-28_04.log.zip at= 2025-12-28T03:49:16.534Z
edited old value of True in profile with enable_autoISF=False
edited old value of 0.6 in profile with smb_delivery_ratio=0.5
edited old value of 81.0 in profile with min_bg=101
edited old value of 99.0 in profile with max_bg=101
#rofile is an unrecognised array/json/keywordnot actioned: [#rofile], [target_bg], [int((profile['min_bg'] + profile['max_bg'])/2]
appended new entry to profile with tempTargetset=True
edited old value of False in profile with temptargetSet=True
edited old value of True in profile with allowSMB_with_high_temptarget=False

loop execution in row=16405 of logfile /mnt/831eaeed-366e-4227-8611-577411edb9ca/Dries/backup/APS-what-if/software/aapsLogs/AndroidAPS._2025-12-28_04.log.zip at= 2025-12-28T03:50:16.860Z
edited old value of True in profile with enable_autoISF=False
edited old value of 0.6 in profile with smb_delivery_ratio=0.5
edited old value of 81.0 in profile with min_bg=101
edited old value of 99.0 in profile with max_bg=101
#rofile is an unrecognised array/json/keywordnot actioned: [#rofile], [target_bg], [int((profile['min_bg'] + profile['max_bg'])/2]
appended new entry to profile with tempTargetset=True
edited old value of False in profile with temptargetSet=True
edited old value of True in profile with allowSMB_with_high_temptarget=False

loop execution in row=17002 of logfile /mnt/831eaeed-366e-4227-8611-577411edb9ca/Dries/backup/APS-what-if/software/aapsLogs/AndroidAPS._2025-12-28_04.log.zip at= 2025-12-28T03:51:17.770Z
edited old value of True in profile with enable_autoISF=False
edited old value of 0.6 in profile with smb_delivery_ratio=0.5
edited old value of 81.0 in profile with min_bg=101
edited old value of 99.0 in profile with max_bg=101
#rofile is an unrecognised array/json/keywordnot actioned: [#rofile], [target_bg], [int((profile['min_bg'] + profile['max_bg'])/2]
appended new entry to profile with tempTargetset=True
edited old value of False in profile with temptargetSet=True
edited old value of True in profile with allowSMB_with_high_temptarget=False

loop execution in row=17546 of logfile /mnt/831eaeed-366e-4227-8611-577411edb9ca/Dries/backup/APS-what-if/software/aapsLogs/AndroidAPS._2025-12-28_04.log.zip at= 2025-12-28T03:52:16.645Z
edited old value of True in profile with enable_autoISF=False
edited old value of 0.6 in profile with smb_delivery_ratio=0.5
edited old value of 81.0 in profile with min_bg=101
edited old value of 99.0 in profile with max_bg=101
#rofile is an unrecognised array/json/keywordnot actioned: [#rofile], [target_bg], [int((profile['min_bg'] + profile['max_bg'])/2]
appended new entry to profile with tempTargetset=True
edited old value of False in profile with temptargetSet=True
edited old value of True in profile with allowSMB_with_high_temptarget=False

loop execution in row=17744 of logfile /mnt/831eaeed-366e-4227-8611-577411edb9ca/Dries/backup/APS-what-if/software/aapsLogs/AndroidAPS._2025-12-28_04.log.zip at= 2025-12-28T03:53:17.179Z
edited old value of True in profile with enable_autoISF=False
edited old value of 0.6 in profile with smb_delivery_ratio=0.5
edited old value of 81.0 in profile with min_bg=101
edited old value of 99.0 in profile with max_bg=101
#rofile is an unrecognised array/json/keywordnot actioned: [#rofile], [target_bg], [int((profile['min_bg'] + profile['max_bg'])/2]
appended new entry to profile with tempTargetset=True
edited old value of False in profile with temptargetSet=True
edited old value of True in profile with allowSMB_with_high_temptarget=False

loop execution in row=18308 of logfile /mnt/831eaeed-366e-4227-8611-577411edb9ca/Dries/backup/APS-what-if/software/aapsLogs/AndroidAPS._2025-12-28_04.log.zip at= 2025-12-28T03:54:18.515Z
edited old value of True in profile with enable_autoISF=False
edited old value of 0.6 in profile with smb_delivery_ratio=0.5
edited old value of 81.0 in profile with min_bg=101
edited old value of 99.0 in profile with max_bg=101
#rofile is an unrecognised array/json/keywordnot actioned: [#rofile], [target_bg], [int((profile['min_bg'] + profile['max_bg'])/2]
appended new entry to profile with tempTargetset=True
edited old value of False in profile with temptargetSet=True
edited old value of True in profile with allowSMB_with_high_temptarget=False

loop execution in row=18528 of logfile /mnt/831eaeed-366e-4227-8611-577411edb9ca/Dries/backup/APS-what-if/software/aapsLogs/AndroidAPS._2025-12-28_04.log.zip at= 2025-12-28T03:55:19.031Z
edited old value of True in profile with enable_autoISF=False
edited old value of 0.6 in profile with smb_delivery_ratio=0.5
edited old value of 81.0 in profile with min_bg=101
edited old value of 99.0 in profile with max_bg=101
#rofile is an unrecognised array/json/keywordnot actioned: [#rofile], [target_bg], [int((profile['min_bg'] + profile['max_bg'])/2]
appended new entry to profile with tempTargetset=True
edited old value of False in profile with temptargetSet=True
edited old value of True in profile with allowSMB_with_high_temptarget=False

loop execution in row=18754 of logfile /mnt/831eaeed-366e-4227-8611-577411edb9ca/Dries/backup/APS-what-if/software/aapsLogs/AndroidAPS._2025-12-28_04.log.zip at= 2025-12-28T03:56:19.797Z
edited old value of True in profile with enable_autoISF=False
edited old value of 0.6 in profile with smb_delivery_ratio=0.5
edited old value of 81.0 in profile with min_bg=101
edited old value of 99.0 in profile with max_bg=101
#rofile is an unrecognised array/json/keywordnot actioned: [#rofile], [target_bg], [int((profile['min_bg'] + profile['max_bg'])/2]
appended new entry to profile with tempTargetset=True
edited old value of False in profile with temptargetSet=True
edited old value of True in profile with allowSMB_with_high_temptarget=False

loop execution in row=18942 of logfile /mnt/831eaeed-366e-4227-8611-577411edb9ca/Dries/backup/APS-what-if/software/aapsLogs/AndroidAPS._2025-12-28_04.log.zip at= 2025-12-28T03:57:19.343Z
edited old value of True in profile with enable_autoISF=False
edited old value of 0.6 in profile with smb_delivery_ratio=0.5
edited old value of 81.0 in profile with min_bg=101
edited old value of 99.0 in profile with max_bg=101
#rofile is an unrecognised array/json/keywordnot actioned: [#rofile], [target_bg], [int((profile['min_bg'] + profile['max_bg'])/2]
appended new entry to profile with tempTargetset=True
edited old value of False in profile with temptargetSet=True
edited old value of True in profile with allowSMB_with_high_temptarget=False

loop execution in row=19544 of logfile /mnt/831eaeed-366e-4227-8611-577411edb9ca/Dries/backup/APS-what-if/software/aapsLogs/AndroidAPS._2025-12-28_04.log.zip at= 2025-12-28T03:58:19.564Z
edited old value of True in profile with enable_autoISF=False
edited old value of 0.6 in profile with smb_delivery_ratio=0.5
edited old value of 81.0 in profile with min_bg=101
edited old value of 99.0 in profile with max_bg=101
#rofile is an unrecognised array/json/keywordnot actioned: [#rofile], [target_bg], [int((profile['min_bg'] + profile['max_bg'])/2]
appended new entry to profile with tempTargetset=True
edited old value of False in profile with temptargetSet=True
edited old value of True in profile with allowSMB_with_high_temptarget=False

loop execution in row=20443 of logfile /mnt/831eaeed-366e-4227-8611-577411edb9ca/Dries/backup/APS-what-if/software/aapsLogs/AndroidAPS._2025-12-28_04.log.zip at= 2025-12-28T03:59:20.343Z
edited old value of True in profile with enable_autoISF=False
edited old value of 0.6 in profile with smb_delivery_ratio=0.5
edited old value of 81.0 in profile with min_bg=101
edited old value of 99.0 in profile with max_bg=101
#rofile is an unrecognised array/json/keywordnot actioned: [#rofile], [target_bg], [int((profile['min_bg'] + profile['max_bg'])/2]
appended new entry to profile with tempTargetset=True
edited old value of False in profile with temptargetSet=True
edited old value of True in profile with allowSMB_with_high_temptarget=False

========== Echo of what-if definitions actioned for variant Demo_Sports_Adaptations
========== created on Sun, 11 Jan 2026 15:17:41 +0100
========== for loop events found in logfile /mnt/831eaeed-366e-4227-8611-577411edb9ca/Dries/backup/APS-what-if/software/aapsLogs/AndroidAPS._2025-12-28_05.log.zip

loop execution in row=190 of logfile /mnt/831eaeed-366e-4227-8611-577411edb9ca/Dries/backup/APS-what-if/software/aapsLogs/AndroidAPS._2025-12-28_05.log.zip at= 2025-12-28T04:00:21.031Z
edited old value of True in profile with enable_autoISF=False
edited old value of 0.6 in profile with smb_delivery_ratio=0.5
edited old value of 81.0 in profile with min_bg=101
edited old value of 99.0 in profile with max_bg=101
#rofile is an unrecognised array/json/keywordnot actioned: [#rofile], [target_bg], [int((profile['min_bg'] + profile['max_bg'])/2]
appended new entry to profile with tempTargetset=True
edited old value of False in profile with temptargetSet=True
edited old value of True in profile with allowSMB_with_high_temptarget=False

loop execution in row=399 of logfile /mnt/831eaeed-366e-4227-8611-577411edb9ca/Dries/backup/APS-what-if/software/aapsLogs/AndroidAPS._2025-12-28_05.log.zip at= 2025-12-28T04:01:22.783Z
edited old value of True in profile with enable_autoISF=False
edited old value of 0.6 in profile with smb_delivery_ratio=0.5
edited old value of 81.0 in profile with min_bg=101
edited old value of 99.0 in profile with max_bg=101
#rofile is an unrecognised array/json/keywordnot actioned: [#rofile], [target_bg], [int((profile['min_bg'] + profile['max_bg'])/2]
appended new entry to profile with tempTargetset=True
edited old value of False in profile with temptargetSet=True
edited old value of True in profile with allowSMB_with_high_temptarget=False

loop execution in row=991 of logfile /mnt/831eaeed-366e-4227-8611-577411edb9ca/Dries/backup/APS-what-if/software/aapsLogs/AndroidAPS._2025-12-28_05.log.zip at= 2025-12-28T04:02:23.698Z
edited old value of True in profile with enable_autoISF=False
edited old value of 0.6 in profile with smb_delivery_ratio=0.5
edited old value of 81.0 in profile with min_bg=101
edited old value of 99.0 in profile with max_bg=101
#rofile is an unrecognised array/json/keywordnot actioned: [#rofile], [target_bg], [int((profile['min_bg'] + profile['max_bg'])/2]
appended new entry to profile with tempTargetset=True
edited old value of False in profile with temptargetSet=True
edited old value of True in profile with allowSMB_with_high_temptarget=False

loop execution in row=1604 of logfile /mnt/831eaeed-366e-4227-8611-577411edb9ca/Dries/backup/APS-what-if/software/aapsLogs/AndroidAPS._2025-12-28_05.log.zip at= 2025-12-28T04:03:21.416Z
edited old value of True in profile with enable_autoISF=False
edited old value of 0.6 in profile with smb_delivery_ratio=0.5
edited old value of 81.0 in profile with min_bg=101
edited old value of 99.0 in profile with max_bg=101
#rofile is an unrecognised array/json/keywordnot actioned: [#rofile], [target_bg], [int((profile['min_bg'] + profile['max_bg'])/2]
appended new entry to profile with tempTargetset=True
edited old value of False in profile with temptargetSet=True
edited old value of True in profile with allowSMB_with_high_temptarget=False

loop execution in row=2179 of logfile /mnt/831eaeed-366e-4227-8611-577411edb9ca/Dries/backup/APS-what-if/software/aapsLogs/AndroidAPS._2025-12-28_05.log.zip at= 2025-12-28T04:04:21.901Z
edited old value of True in profile with enable_autoISF=False
edited old value of 0.6 in profile with smb_delivery_ratio=0.5
edited old value of 81.0 in profile with min_bg=101
edited old value of 99.0 in profile with max_bg=101
#rofile is an unrecognised array/json/keywordnot actioned: [#rofile], [target_bg], [int((profile['min_bg'] + profile['max_bg'])/2]
appended new entry to profile with tempTargetset=True
edited old value of False in profile with temptargetSet=True
edited old value of True in profile with allowSMB_with_high_temptarget=False

loop execution in row=2452 of logfile /mnt/831eaeed-366e-4227-8611-577411edb9ca/Dries/backup/APS-what-if/software/aapsLogs/AndroidAPS._2025-12-28_05.log.zip at= 2025-12-28T04:05:24.107Z
edited old value of True in profile with enable_autoISF=False
edited old value of 0.6 in profile with smb_delivery_ratio=0.5
edited old value of 81.0 in profile with min_bg=101
edited old value of 99.0 in profile with max_bg=101
#rofile is an unrecognised array/json/keywordnot actioned: [#rofile], [target_bg], [int((profile['min_bg'] + profile['max_bg'])/2]
appended new entry to profile with tempTargetset=True
edited old value of False in profile with temptargetSet=True
edited old value of True in profile with allowSMB_with_high_temptarget=False

loop execution in row=3096 of logfile /mnt/831eaeed-366e-4227-8611-577411edb9ca/Dries/backup/APS-what-if/software/aapsLogs/AndroidAPS._2025-12-28_05.log.zip at= 2025-12-28T04:06:22.558Z
edited old value of True in profile with enable_autoISF=False
edited old value of 0.6 in profile with smb_delivery_ratio=0.5
edited old value of 81.0 in profile with min_bg=101
edited old value of 99.0 in profile with max_bg=101
#rofile is an unrecognised array/json/keywordnot actioned: [#rofile], [target_bg], [int((profile['min_bg'] + profile['max_bg'])/2]
appended new entry to profile with tempTargetset=True
edited old value of False in profile with temptargetSet=True
edited old value of True in profile with allowSMB_with_high_temptarget=False

loop execution in row=3328 of logfile /mnt/831eaeed-366e-4227-8611-577411edb9ca/Dries/backup/APS-what-if/software/aapsLogs/AndroidAPS._2025-12-28_05.log.zip at= 2025-12-28T04:07:23.268Z
edited old value of True in profile with enable_autoISF=False
edited old value of 0.6 in profile with smb_delivery_ratio=0.5
edited old value of 81.0 in profile with min_bg=101
edited old value of 99.0 in profile with max_bg=101
#rofile is an unrecognised array/json/keywordnot actioned: [#rofile], [target_bg], [int((profile['min_bg'] + profile['max_bg'])/2]
appended new entry to profile with tempTargetset=True
edited old value of False in profile with temptargetSet=True
edited old value of True in profile with allowSMB_with_high_temptarget=False

loop execution in row=3952 of logfile /mnt/831eaeed-366e-4227-8611-577411edb9ca/Dries/backup/APS-what-if/software/aapsLogs/AndroidAPS._2025-12-28_05.log.zip at= 2025-12-28T04:08:25.558Z
edited old value of True in profile with enable_autoISF=False
edited old value of 0.6 in profile with smb_delivery_ratio=0.5
edited old value of 81.0 in profile with min_bg=101
edited old value of 99.0 in profile with max_bg=101
#rofile is an unrecognised array/json/keywordnot actioned: [#rofile], [target_bg], [int((profile['min_bg'] + profile['max_bg'])/2]
appended new entry to profile with tempTargetset=True
edited old value of False in profile with temptargetSet=True
edited old value of True in profile with allowSMB_with_high_temptarget=False

loop execution in row=4501 of logfile /mnt/831eaeed-366e-4227-8611-577411edb9ca/Dries/backup/APS-what-if/software/aapsLogs/AndroidAPS._2025-12-28_05.log.zip at= 2025-12-28T04:09:25.821Z
edited old value of True in profile with enable_autoISF=False
edited old value of 0.6 in profile with smb_delivery_ratio=0.5
edited old value of 81.0 in profile with min_bg=101
edited old value of 99.0 in profile with max_bg=101
#rofile is an unrecognised array/json/keywordnot actioned: [#rofile], [target_bg], [int((profile['min_bg'] + profile['max_bg'])/2]
appended new entry to profile with tempTargetset=True
edited old value of False in profile with temptargetSet=True
edited old value of True in profile with allowSMB_with_high_temptarget=False

loop execution in row=4804 of logfile /mnt/831eaeed-366e-4227-8611-577411edb9ca/Dries/backup/APS-what-if/software/aapsLogs/AndroidAPS._2025-12-28_05.log.zip at= 2025-12-28T04:10:25.991Z
edited old value of True in profile with enable_autoISF=False
edited old value of 0.6 in profile with smb_delivery_ratio=0.5
edited old value of 81.0 in profile with min_bg=101
edited old value of 99.0 in profile with max_bg=101
#rofile is an unrecognised array/json/keywordnot actioned: [#rofile], [target_bg], [int((profile['min_bg'] + profile['max_bg'])/2]
appended new entry to profile with tempTargetset=True
edited old value of False in profile with temptargetSet=True
edited old value of True in profile with allowSMB_with_high_temptarget=False

loop execution in row=5501 of logfile /mnt/831eaeed-366e-4227-8611-577411edb9ca/Dries/backup/APS-what-if/software/aapsLogs/AndroidAPS._2025-12-28_05.log.zip at= 2025-12-28T04:11:23.875Z
edited old value of True in profile with enable_autoISF=False
edited old value of 0.6 in profile with smb_delivery_ratio=0.5
edited old value of 81.0 in profile with min_bg=101
edited old value of 99.0 in profile with max_bg=101
#rofile is an unrecognised array/json/keywordnot actioned: [#rofile], [target_bg], [int((profile['min_bg'] + profile['max_bg'])/2]
appended new entry to profile with tempTargetset=True
edited old value of False in profile with temptargetSet=True
edited old value of True in profile with allowSMB_with_high_temptarget=False

loop execution in row=5698 of logfile /mnt/831eaeed-366e-4227-8611-577411edb9ca/Dries/backup/APS-what-if/software/aapsLogs/AndroidAPS._2025-12-28_05.log.zip at= 2025-12-28T04:12:26.901Z
edited old value of True in profile with enable_autoISF=False
edited old value of 0.6 in profile with smb_delivery_ratio=0.5
edited old value of 81.0 in profile with min_bg=101
edited old value of 99.0 in profile with max_bg=101
#rofile is an unrecognised array/json/keywordnot actioned: [#rofile], [target_bg], [int((profile['min_bg'] + profile['max_bg'])/2]
appended new entry to profile with tempTargetset=True
edited old value of False in profile with temptargetSet=True
edited old value of True in profile with allowSMB_with_high_temptarget=False

loop execution in row=5884 of logfile /mnt/831eaeed-366e-4227-8611-577411edb9ca/Dries/backup/APS-what-if/software/aapsLogs/AndroidAPS._2025-12-28_05.log.zip at= 2025-12-28T04:13:26.240Z
edited old value of True in profile with enable_autoISF=False
edited old value of 0.6 in profile with smb_delivery_ratio=0.5
edited old value of 81.0 in profile with min_bg=101
edited old value of 99.0 in profile with max_bg=101
#rofile is an unrecognised array/json/keywordnot actioned: [#rofile], [target_bg], [int((profile['min_bg'] + profile['max_bg'])/2]
appended new entry to profile with tempTargetset=True
edited old value of False in profile with temptargetSet=True
edited old value of True in profile with allowSMB_with_high_temptarget=False

loop execution in row=6186 of logfile /mnt/831eaeed-366e-4227-8611-577411edb9ca/Dries/backup/APS-what-if/software/aapsLogs/AndroidAPS._2025-12-28_05.log.zip at= 2025-12-28T04:14:26.310Z
edited old value of True in profile with enable_autoISF=False
edited old value of 0.6 in profile with smb_delivery_ratio=0.5
edited old value of 81.0 in profile with min_bg=101
edited old value of 99.0 in profile with max_bg=101
#rofile is an unrecognised array/json/keywordnot actioned: [#rofile], [target_bg], [int((profile['min_bg'] + profile['max_bg'])/2]
appended new entry to profile with tempTargetset=True
edited old value of False in profile with temptargetSet=True
edited old value of True in profile with allowSMB_with_high_temptarget=False

loop execution in row=7024 of logfile /mnt/831eaeed-366e-4227-8611-577411edb9ca/Dries/backup/APS-what-if/software/aapsLogs/AndroidAPS._2025-12-28_05.log.zip at= 2025-12-28T04:15:26.729Z
edited old value of True in profile with enable_autoISF=False
edited old value of 0.6 in profile with smb_delivery_ratio=0.5
edited old value of 81.0 in profile with min_bg=101
edited old value of 99.0 in profile with max_bg=101
#rofile is an unrecognised array/json/keywordnot actioned: [#rofile], [target_bg], [int((profile['min_bg'] + profile['max_bg'])/2]
appended new entry to profile with tempTargetset=True
edited old value of False in profile with temptargetSet=True
edited old value of True in profile with allowSMB_with_high_temptarget=False

loop execution in row=7237 of logfile /mnt/831eaeed-366e-4227-8611-577411edb9ca/Dries/backup/APS-what-if/software/aapsLogs/AndroidAPS._2025-12-28_05.log.zip at= 2025-12-28T04:16:27.227Z
edited old value of True in profile with enable_autoISF=False
edited old value of 0.6 in profile with smb_delivery_ratio=0.5
edited old value of 81.0 in profile with min_bg=101
edited old value of 99.0 in profile with max_bg=101
#rofile is an unrecognised array/json/keywordnot actioned: [#rofile], [target_bg], [int((profile['min_bg'] + profile['max_bg'])/2]
appended new entry to profile with tempTargetset=True
edited old value of False in profile with temptargetSet=True
edited old value of True in profile with allowSMB_with_high_temptarget=False

loop execution in row=7507 of logfile /mnt/831eaeed-366e-4227-8611-577411edb9ca/Dries/backup/APS-what-if/software/aapsLogs/AndroidAPS._2025-12-28_05.log.zip at= 2025-12-28T04:17:28.919Z
edited old value of True in profile with enable_autoISF=False
edited old value of 0.6 in profile with smb_delivery_ratio=0.5
edited old value of 81.0 in profile with min_bg=101
edited old value of 99.0 in profile with max_bg=101
#rofile is an unrecognised array/json/keywordnot actioned: [#rofile], [target_bg], [int((profile['min_bg'] + profile['max_bg'])/2]
appended new entry to profile with tempTargetset=True
edited old value of False in profile with temptargetSet=True
edited old value of True in profile with allowSMB_with_high_temptarget=False

loop execution in row=7789 of logfile /mnt/831eaeed-366e-4227-8611-577411edb9ca/Dries/backup/APS-what-if/software/aapsLogs/AndroidAPS._2025-12-28_05.log.zip at= 2025-12-28T04:18:27.742Z
edited old value of True in profile with enable_autoISF=False
edited old value of 0.6 in profile with smb_delivery_ratio=0.5
edited old value of 81.0 in profile with min_bg=101
edited old value of 99.0 in profile with max_bg=101
#rofile is an unrecognised array/json/keywordnot actioned: [#rofile], [target_bg], [int((profile['min_bg'] + profile['max_bg'])/2]
appended new entry to profile with tempTargetset=True
edited old value of False in profile with temptargetSet=True
edited old value of True in profile with allowSMB_with_high_temptarget=False

loop execution in row=8353 of logfile /mnt/831eaeed-366e-4227-8611-577411edb9ca/Dries/backup/APS-what-if/software/aapsLogs/AndroidAPS._2025-12-28_05.log.zip at= 2025-12-28T04:19:28.478Z
edited old value of True in profile with enable_autoISF=False
edited old value of 0.6 in profile with smb_delivery_ratio=0.5
edited old value of 81.0 in profile with min_bg=101
edited old value of 99.0 in profile with max_bg=101
#rofile is an unrecognised array/json/keywordnot actioned: [#rofile], [target_bg], [int((profile['min_bg'] + profile['max_bg'])/2]
appended new entry to profile with tempTargetset=True
edited old value of False in profile with temptargetSet=True
edited old value of True in profile with allowSMB_with_high_temptarget=False

loop execution in row=9043 of logfile /mnt/831eaeed-366e-4227-8611-577411edb9ca/Dries/backup/APS-what-if/software/aapsLogs/AndroidAPS._2025-12-28_05.log.zip at= 2025-12-28T04:20:29.182Z
edited old value of True in profile with enable_autoISF=False
edited old value of 0.6 in profile with smb_delivery_ratio=0.5
edited old value of 81.0 in profile with min_bg=101
edited old value of 99.0 in profile with max_bg=101
#rofile is an unrecognised array/json/keywordnot actioned: [#rofile], [target_bg], [int((profile['min_bg'] + profile['max_bg'])/2]
appended new entry to profile with tempTargetset=True
edited old value of False in profile with temptargetSet=True
edited old value of True in profile with allowSMB_with_high_temptarget=False

loop execution in row=9676 of logfile /mnt/831eaeed-366e-4227-8611-577411edb9ca/Dries/backup/APS-what-if/software/aapsLogs/AndroidAPS._2025-12-28_05.log.zip at= 2025-12-28T04:21:28.812Z
edited old value of True in profile with enable_autoISF=False
edited old value of 0.6 in profile with smb_delivery_ratio=0.5
edited old value of 81.0 in profile with min_bg=101
edited old value of 99.0 in profile with max_bg=101
#rofile is an unrecognised array/json/keywordnot actioned: [#rofile], [target_bg], [int((profile['min_bg'] + profile['max_bg'])/2]
appended new entry to profile with tempTargetset=True
edited old value of False in profile with temptargetSet=True
edited old value of True in profile with allowSMB_with_high_temptarget=False

loop execution in row=10251 of logfile /mnt/831eaeed-366e-4227-8611-577411edb9ca/Dries/backup/APS-what-if/software/aapsLogs/AndroidAPS._2025-12-28_05.log.zip at= 2025-12-28T04:22:28.631Z
edited old value of True in profile with enable_autoISF=False
edited old value of 0.6 in profile with smb_delivery_ratio=0.5
edited old value of 81.0 in profile with min_bg=101
edited old value of 99.0 in profile with max_bg=101
#rofile is an unrecognised array/json/keywordnot actioned: [#rofile], [target_bg], [int((profile['min_bg'] + profile['max_bg'])/2]
appended new entry to profile with tempTargetset=True
edited old value of False in profile with temptargetSet=True
edited old value of True in profile with allowSMB_with_high_temptarget=False

loop execution in row=11111 of logfile /mnt/831eaeed-366e-4227-8611-577411edb9ca/Dries/backup/APS-what-if/software/aapsLogs/AndroidAPS._2025-12-28_05.log.zip at= 2025-12-28T04:23:30.213Z
edited old value of True in profile with enable_autoISF=False
edited old value of 0.6 in profile with smb_delivery_ratio=0.5
edited old value of 81.0 in profile with min_bg=101
edited old value of 99.0 in profile with max_bg=101
#rofile is an unrecognised array/json/keywordnot actioned: [#rofile], [target_bg], [int((profile['min_bg'] + profile['max_bg'])/2]
appended new entry to profile with tempTargetset=True
edited old value of False in profile with temptargetSet=True
edited old value of True in profile with allowSMB_with_high_temptarget=False

loop execution in row=11681 of logfile /mnt/831eaeed-366e-4227-8611-577411edb9ca/Dries/backup/APS-what-if/software/aapsLogs/AndroidAPS._2025-12-28_05.log.zip at= 2025-12-28T04:24:30.840Z
edited old value of True in profile with enable_autoISF=False
edited old value of 0.6 in profile with smb_delivery_ratio=0.5
edited old value of 81.0 in profile with min_bg=101
edited old value of 99.0 in profile with max_bg=101
#rofile is an unrecognised array/json/keywordnot actioned: [#rofile], [target_bg], [int((profile['min_bg'] + profile['max_bg'])/2]
appended new entry to profile with tempTargetset=True
edited old value of False in profile with temptargetSet=True
edited old value of True in profile with allowSMB_with_high_temptarget=False

loop execution in row=12264 of logfile /mnt/831eaeed-366e-4227-8611-577411edb9ca/Dries/backup/APS-what-if/software/aapsLogs/AndroidAPS._2025-12-28_05.log.zip at= 2025-12-28T04:25:31.316Z
edited old value of True in profile with enable_autoISF=False
edited old value of 0.6 in profile with smb_delivery_ratio=0.5
edited old value of 81.0 in profile with min_bg=101
edited old value of 99.0 in profile with max_bg=101
#rofile is an unrecognised array/json/keywordnot actioned: [#rofile], [target_bg], [int((profile['min_bg'] + profile['max_bg'])/2]
appended new entry to profile with tempTargetset=True
edited old value of False in profile with temptargetSet=True
edited old value of True in profile with allowSMB_with_high_temptarget=False

loop execution in row=12997 of logfile /mnt/831eaeed-366e-4227-8611-577411edb9ca/Dries/backup/APS-what-if/software/aapsLogs/AndroidAPS._2025-12-28_05.log.zip at= 2025-12-28T04:26:31.076Z
edited old value of True in profile with enable_autoISF=False
edited old value of 0.6 in profile with smb_delivery_ratio=0.5
edited old value of 81.0 in profile with min_bg=101
edited old value of 99.0 in profile with max_bg=101
#rofile is an unrecognised array/json/keywordnot actioned: [#rofile], [target_bg], [int((profile['min_bg'] + profile['max_bg'])/2]
appended new entry to profile with tempTargetset=True
edited old value of False in profile with temptargetSet=True
edited old value of True in profile with allowSMB_with_high_temptarget=False

loop execution in row=13728 of logfile /mnt/831eaeed-366e-4227-8611-577411edb9ca/Dries/backup/APS-what-if/software/aapsLogs/AndroidAPS._2025-12-28_05.log.zip at= 2025-12-28T04:27:32.110Z
edited old value of True in profile with enable_autoISF=False
edited old value of 0.6 in profile with smb_delivery_ratio=0.5
edited old value of 81.0 in profile with min_bg=101
edited old value of 99.0 in profile with max_bg=101
#rofile is an unrecognised array/json/keywordnot actioned: [#rofile], [target_bg], [int((profile['min_bg'] + profile['max_bg'])/2]
appended new entry to profile with tempTargetset=True
edited old value of False in profile with temptargetSet=True
edited old value of True in profile with allowSMB_with_high_temptarget=False

loop execution in row=14311 of logfile /mnt/831eaeed-366e-4227-8611-577411edb9ca/Dries/backup/APS-what-if/software/aapsLogs/AndroidAPS._2025-12-28_05.log.zip at= 2025-12-28T04:28:30.976Z
edited old value of True in profile with enable_autoISF=False
edited old value of 0.6 in profile with smb_delivery_ratio=0.5
edited old value of 81.0 in profile with min_bg=101
edited old value of 99.0 in profile with max_bg=101
#rofile is an unrecognised array/json/keywordnot actioned: [#rofile], [target_bg], [int((profile['min_bg'] + profile['max_bg'])/2]
appended new entry to profile with tempTargetset=True
edited old value of False in profile with temptargetSet=True
edited old value of True in profile with allowSMB_with_high_temptarget=False

loop execution in row=14871 of logfile /mnt/831eaeed-366e-4227-8611-577411edb9ca/Dries/backup/APS-what-if/software/aapsLogs/AndroidAPS._2025-12-28_05.log.zip at= 2025-12-28T04:29:31.362Z
edited old value of True in profile with enable_autoISF=False
edited old value of 0.6 in profile with smb_delivery_ratio=0.5
edited old value of 81.0 in profile with min_bg=101
edited old value of 99.0 in profile with max_bg=101
#rofile is an unrecognised array/json/keywordnot actioned: [#rofile], [target_bg], [int((profile['min_bg'] + profile['max_bg'])/2]
appended new entry to profile with tempTargetset=True
edited old value of False in profile with temptargetSet=True
edited old value of True in profile with allowSMB_with_high_temptarget=False

loop execution in row=15536 of logfile /mnt/831eaeed-366e-4227-8611-577411edb9ca/Dries/backup/APS-what-if/software/aapsLogs/AndroidAPS._2025-12-28_05.log.zip at= 2025-12-28T04:30:31.435Z
edited old value of True in profile with enable_autoISF=False
edited old value of 0.6 in profile with smb_delivery_ratio=0.5
edited old value of 81.0 in profile with min_bg=101
edited old value of 99.0 in profile with max_bg=101
#rofile is an unrecognised array/json/keywordnot actioned: [#rofile], [target_bg], [int((profile['min_bg'] + profile['max_bg'])/2]
appended new entry to profile with tempTargetset=True
edited old value of False in profile with temptargetSet=True
edited old value of True in profile with allowSMB_with_high_temptarget=False

loop execution in row=16098 of logfile /mnt/831eaeed-366e-4227-8611-577411edb9ca/Dries/backup/APS-what-if/software/aapsLogs/AndroidAPS._2025-12-28_05.log.zip at= 2025-12-28T04:31:32.074Z
edited old value of True in profile with enable_autoISF=False
edited old value of 0.6 in profile with smb_delivery_ratio=0.5
edited old value of 81.0 in profile with min_bg=101
edited old value of 99.0 in profile with max_bg=101
#rofile is an unrecognised array/json/keywordnot actioned: [#rofile], [target_bg], [int((profile['min_bg'] + profile['max_bg'])/2]
appended new entry to profile with tempTargetset=True
edited old value of False in profile with temptargetSet=True
edited old value of True in profile with allowSMB_with_high_temptarget=False

loop execution in row=16707 of logfile /mnt/831eaeed-366e-4227-8611-577411edb9ca/Dries/backup/APS-what-if/software/aapsLogs/AndroidAPS._2025-12-28_05.log.zip at= 2025-12-28T04:32:32.179Z
edited old value of True in profile with enable_autoISF=False
edited old value of 0.6 in profile with smb_delivery_ratio=0.5
edited old value of 81.0 in profile with min_bg=101
edited old value of 99.0 in profile with max_bg=101
#rofile is an unrecognised array/json/keywordnot actioned: [#rofile], [target_bg], [int((profile['min_bg'] + profile['max_bg'])/2]
appended new entry to profile with tempTargetset=True
edited old value of False in profile with temptargetSet=True
edited old value of True in profile with allowSMB_with_high_temptarget=False

loop execution in row=17280 of logfile /mnt/831eaeed-366e-4227-8611-577411edb9ca/Dries/backup/APS-what-if/software/aapsLogs/AndroidAPS._2025-12-28_05.log.zip at= 2025-12-28T04:33:32.778Z
edited old value of True in profile with enable_autoISF=False
edited old value of 0.6 in profile with smb_delivery_ratio=0.5
edited old value of 81.0 in profile with min_bg=101
edited old value of 99.0 in profile with max_bg=101
#rofile is an unrecognised array/json/keywordnot actioned: [#rofile], [target_bg], [int((profile['min_bg'] + profile['max_bg'])/2]
appended new entry to profile with tempTargetset=True
edited old value of False in profile with temptargetSet=True
edited old value of True in profile with allowSMB_with_high_temptarget=False

loop execution in row=17488 of logfile /mnt/831eaeed-366e-4227-8611-577411edb9ca/Dries/backup/APS-what-if/software/aapsLogs/AndroidAPS._2025-12-28_05.log.zip at= 2025-12-28T04:34:33.100Z
edited old value of True in profile with enable_autoISF=False
edited old value of 0.6 in profile with smb_delivery_ratio=0.5
edited old value of 81.0 in profile with min_bg=101
edited old value of 99.0 in profile with max_bg=101
#rofile is an unrecognised array/json/keywordnot actioned: [#rofile], [target_bg], [int((profile['min_bg'] + profile['max_bg'])/2]
appended new entry to profile with tempTargetset=True
edited old value of False in profile with temptargetSet=True
edited old value of True in profile with allowSMB_with_high_temptarget=False

loop execution in row=18117 of logfile /mnt/831eaeed-366e-4227-8611-577411edb9ca/Dries/backup/APS-what-if/software/aapsLogs/AndroidAPS._2025-12-28_05.log.zip at= 2025-12-28T04:35:33.791Z
edited old value of True in profile with enable_autoISF=False
edited old value of 0.6 in profile with smb_delivery_ratio=0.5
edited old value of 81.0 in profile with min_bg=101
edited old value of 99.0 in profile with max_bg=101
#rofile is an unrecognised array/json/keywordnot actioned: [#rofile], [target_bg], [int((profile['min_bg'] + profile['max_bg'])/2]
appended new entry to profile with tempTargetset=True
edited old value of False in profile with temptargetSet=True
edited old value of True in profile with allowSMB_with_high_temptarget=False

loop execution in row=18822 of logfile /mnt/831eaeed-366e-4227-8611-577411edb9ca/Dries/backup/APS-what-if/software/aapsLogs/AndroidAPS._2025-12-28_05.log.zip at= 2025-12-28T04:36:32.234Z
edited old value of True in profile with enable_autoISF=False
edited old value of 0.6 in profile with smb_delivery_ratio=0.5
edited old value of 81.0 in profile with min_bg=101
edited old value of 99.0 in profile with max_bg=101
#rofile is an unrecognised array/json/keywordnot actioned: [#rofile], [target_bg], [int((profile['min_bg'] + profile['max_bg'])/2]
appended new entry to profile with tempTargetset=True
edited old value of False in profile with temptargetSet=True
edited old value of True in profile with allowSMB_with_high_temptarget=False

loop execution in row=19038 of logfile /mnt/831eaeed-366e-4227-8611-577411edb9ca/Dries/backup/APS-what-if/software/aapsLogs/AndroidAPS._2025-12-28_05.log.zip at= 2025-12-28T04:37:33.091Z
edited old value of True in profile with enable_autoISF=False
edited old value of 0.6 in profile with smb_delivery_ratio=0.5
edited old value of 81.0 in profile with min_bg=101
edited old value of 99.0 in profile with max_bg=101
#rofile is an unrecognised array/json/keywordnot actioned: [#rofile], [target_bg], [int((profile['min_bg'] + profile['max_bg'])/2]
appended new entry to profile with tempTargetset=True
edited old value of False in profile with temptargetSet=True
edited old value of True in profile with allowSMB_with_high_temptarget=False

loop execution in row=19629 of logfile /mnt/831eaeed-366e-4227-8611-577411edb9ca/Dries/backup/APS-what-if/software/aapsLogs/AndroidAPS._2025-12-28_05.log.zip at= 2025-12-28T04:38:31.710Z
edited old value of True in profile with enable_autoISF=False
edited old value of 0.6 in profile with smb_delivery_ratio=0.5
edited old value of 81.0 in profile with min_bg=101
edited old value of 99.0 in profile with max_bg=101
#rofile is an unrecognised array/json/keywordnot actioned: [#rofile], [target_bg], [int((profile['min_bg'] + profile['max_bg'])/2]
appended new entry to profile with tempTargetset=True
edited old value of False in profile with temptargetSet=True
edited old value of True in profile with allowSMB_with_high_temptarget=False

loop execution in row=20284 of logfile /mnt/831eaeed-366e-4227-8611-577411edb9ca/Dries/backup/APS-what-if/software/aapsLogs/AndroidAPS._2025-12-28_05.log.zip at= 2025-12-28T04:39:31.168Z
edited old value of True in profile with enable_autoISF=False
edited old value of 0.6 in profile with smb_delivery_ratio=0.5
edited old value of 81.0 in profile with min_bg=101
edited old value of 99.0 in profile with max_bg=101
#rofile is an unrecognised array/json/keywordnot actioned: [#rofile], [target_bg], [int((profile['min_bg'] + profile['max_bg'])/2]
appended new entry to profile with tempTargetset=True
edited old value of False in profile with temptargetSet=True
edited old value of True in profile with allowSMB_with_high_temptarget=False

loop execution in row=20588 of logfile /mnt/831eaeed-366e-4227-8611-577411edb9ca/Dries/backup/APS-what-if/software/aapsLogs/AndroidAPS._2025-12-28_05.log.zip at= 2025-12-28T04:40:32.005Z
edited old value of True in profile with enable_autoISF=False
edited old value of 0.6 in profile with smb_delivery_ratio=0.5
edited old value of 81.0 in profile with min_bg=101
edited old value of 99.0 in profile with max_bg=101
#rofile is an unrecognised array/json/keywordnot actioned: [#rofile], [target_bg], [int((profile['min_bg'] + profile['max_bg'])/2]
appended new entry to profile with tempTargetset=True
edited old value of False in profile with temptargetSet=True
edited old value of True in profile with allowSMB_with_high_temptarget=False

loop execution in row=20794 of logfile /mnt/831eaeed-366e-4227-8611-577411edb9ca/Dries/backup/APS-what-if/software/aapsLogs/AndroidAPS._2025-12-28_05.log.zip at= 2025-12-28T04:41:31.973Z
edited old value of True in profile with enable_autoISF=False
edited old value of 0.6 in profile with smb_delivery_ratio=0.5
edited old value of 81.0 in profile with min_bg=101
edited old value of 99.0 in profile with max_bg=101
#rofile is an unrecognised array/json/keywordnot actioned: [#rofile], [target_bg], [int((profile['min_bg'] + profile['max_bg'])/2]
appended new entry to profile with tempTargetset=True
edited old value of False in profile with temptargetSet=True
edited old value of True in profile with allowSMB_with_high_temptarget=False

loop execution in row=21005 of logfile /mnt/831eaeed-366e-4227-8611-577411edb9ca/Dries/backup/APS-what-if/software/aapsLogs/AndroidAPS._2025-12-28_05.log.zip at= 2025-12-28T04:42:32.924Z
edited old value of True in profile with enable_autoISF=False
edited old value of 0.6 in profile with smb_delivery_ratio=0.5
edited old value of 81.0 in profile with min_bg=101
edited old value of 99.0 in profile with max_bg=101
#rofile is an unrecognised array/json/keywordnot actioned: [#rofile], [target_bg], [int((profile['min_bg'] + profile['max_bg'])/2]
appended new entry to profile with tempTargetset=True
edited old value of False in profile with temptargetSet=True
edited old value of True in profile with allowSMB_with_high_temptarget=False

loop execution in row=21286 of logfile /mnt/831eaeed-366e-4227-8611-577411edb9ca/Dries/backup/APS-what-if/software/aapsLogs/AndroidAPS._2025-12-28_05.log.zip at= 2025-12-28T04:43:33.575Z
edited old value of True in profile with enable_autoISF=False
edited old value of 0.6 in profile with smb_delivery_ratio=0.5
edited old value of 81.0 in profile with min_bg=101
edited old value of 99.0 in profile with max_bg=101
#rofile is an unrecognised array/json/keywordnot actioned: [#rofile], [target_bg], [int((profile['min_bg'] + profile['max_bg'])/2]
appended new entry to profile with tempTargetset=True
edited old value of False in profile with temptargetSet=True
edited old value of True in profile with allowSMB_with_high_temptarget=False

loop execution in row=21533 of logfile /mnt/831eaeed-366e-4227-8611-577411edb9ca/Dries/backup/APS-what-if/software/aapsLogs/AndroidAPS._2025-12-28_05.log.zip at= 2025-12-28T04:44:33.772Z
edited old value of True in profile with enable_autoISF=False
edited old value of 0.6 in profile with smb_delivery_ratio=0.5
edited old value of 81.0 in profile with min_bg=101
edited old value of 99.0 in profile with max_bg=101
#rofile is an unrecognised array/json/keywordnot actioned: [#rofile], [target_bg], [int((profile['min_bg'] + profile['max_bg'])/2]
appended new entry to profile with tempTargetset=True
edited old value of False in profile with temptargetSet=True
edited old value of True in profile with allowSMB_with_high_temptarget=False

loop execution in row=21730 of logfile /mnt/831eaeed-366e-4227-8611-577411edb9ca/Dries/backup/APS-what-if/software/aapsLogs/AndroidAPS._2025-12-28_05.log.zip at= 2025-12-28T04:45:34.653Z
edited old value of True in profile with enable_autoISF=False
edited old value of 0.6 in profile with smb_delivery_ratio=0.5
edited old value of 81.0 in profile with min_bg=101
edited old value of 99.0 in profile with max_bg=101
#rofile is an unrecognised array/json/keywordnot actioned: [#rofile], [target_bg], [int((profile['min_bg'] + profile['max_bg'])/2]
appended new entry to profile with tempTargetset=True
edited old value of False in profile with temptargetSet=True
edited old value of True in profile with allowSMB_with_high_temptarget=False

loop execution in row=22006 of logfile /mnt/831eaeed-366e-4227-8611-577411edb9ca/Dries/backup/APS-what-if/software/aapsLogs/AndroidAPS._2025-12-28_05.log.zip at= 2025-12-28T04:46:33.423Z
edited old value of True in profile with enable_autoISF=False
edited old value of 0.6 in profile with smb_delivery_ratio=0.5
edited old value of 81.0 in profile with min_bg=101
edited old value of 99.0 in profile with max_bg=101
#rofile is an unrecognised array/json/keywordnot actioned: [#rofile], [target_bg], [int((profile['min_bg'] + profile['max_bg'])/2]
appended new entry to profile with tempTargetset=True
edited old value of False in profile with temptargetSet=True
edited old value of True in profile with allowSMB_with_high_temptarget=False

loop execution in row=22229 of logfile /mnt/831eaeed-366e-4227-8611-577411edb9ca/Dries/backup/APS-what-if/software/aapsLogs/AndroidAPS._2025-12-28_05.log.zip at= 2025-12-28T04:47:34.654Z
edited old value of True in profile with enable_autoISF=False
edited old value of 0.6 in profile with smb_delivery_ratio=0.5
edited old value of 81.0 in profile with min_bg=101
edited old value of 99.0 in profile with max_bg=101
#rofile is an unrecognised array/json/keywordnot actioned: [#rofile], [target_bg], [int((profile['min_bg'] + profile['max_bg'])/2]
appended new entry to profile with tempTargetset=True
edited old value of False in profile with temptargetSet=True
edited old value of True in profile with allowSMB_with_high_temptarget=False

loop execution in row=22493 of logfile /mnt/831eaeed-366e-4227-8611-577411edb9ca/Dries/backup/APS-what-if/software/aapsLogs/AndroidAPS._2025-12-28_05.log.zip at= 2025-12-28T04:48:35.134Z
edited old value of True in profile with enable_autoISF=False
edited old value of 0.6 in profile with smb_delivery_ratio=0.5
edited old value of 81.0 in profile with min_bg=101
edited old value of 99.0 in profile with max_bg=101
#rofile is an unrecognised array/json/keywordnot actioned: [#rofile], [target_bg], [int((profile['min_bg'] + profile['max_bg'])/2]
appended new entry to profile with tempTargetset=True
edited old value of False in profile with temptargetSet=True
edited old value of True in profile with allowSMB_with_high_temptarget=False

loop execution in row=22678 of logfile /mnt/831eaeed-366e-4227-8611-577411edb9ca/Dries/backup/APS-what-if/software/aapsLogs/AndroidAPS._2025-12-28_05.log.zip at= 2025-12-28T04:49:34.375Z
edited old value of True in profile with enable_autoISF=False
edited old value of 0.6 in profile with smb_delivery_ratio=0.5
edited old value of 81.0 in profile with min_bg=101
edited old value of 99.0 in profile with max_bg=101
#rofile is an unrecognised array/json/keywordnot actioned: [#rofile], [target_bg], [int((profile['min_bg'] + profile['max_bg'])/2]
appended new entry to profile with tempTargetset=True
edited old value of False in profile with temptargetSet=True
edited old value of True in profile with allowSMB_with_high_temptarget=False

loop execution in row=22945 of logfile /mnt/831eaeed-366e-4227-8611-577411edb9ca/Dries/backup/APS-what-if/software/aapsLogs/AndroidAPS._2025-12-28_05.log.zip at= 2025-12-28T04:50:34.829Z
edited old value of True in profile with enable_autoISF=False
edited old value of 0.6 in profile with smb_delivery_ratio=0.5
edited old value of 81.0 in profile with min_bg=101
edited old value of 99.0 in profile with max_bg=101
#rofile is an unrecognised array/json/keywordnot actioned: [#rofile], [target_bg], [int((profile['min_bg'] + profile['max_bg'])/2]
appended new entry to profile with tempTargetset=True
edited old value of False in profile with temptargetSet=True
edited old value of True in profile with allowSMB_with_high_temptarget=False

loop execution in row=23138 of logfile /mnt/831eaeed-366e-4227-8611-577411edb9ca/Dries/backup/APS-what-if/software/aapsLogs/AndroidAPS._2025-12-28_05.log.zip at= 2025-12-28T04:51:35.185Z
edited old value of True in profile with enable_autoISF=False
edited old value of 0.6 in profile with smb_delivery_ratio=0.5
edited old value of 81.0 in profile with min_bg=101
edited old value of 99.0 in profile with max_bg=101
#rofile is an unrecognised array/json/keywordnot actioned: [#rofile], [target_bg], [int((profile['min_bg'] + profile['max_bg'])/2]
appended new entry to profile with tempTargetset=True
edited old value of False in profile with temptargetSet=True
edited old value of True in profile with allowSMB_with_high_temptarget=False

loop execution in row=23332 of logfile /mnt/831eaeed-366e-4227-8611-577411edb9ca/Dries/backup/APS-what-if/software/aapsLogs/AndroidAPS._2025-12-28_05.log.zip at= 2025-12-28T04:52:36.452Z
edited old value of True in profile with enable_autoISF=False
edited old value of 0.6 in profile with smb_delivery_ratio=0.5
edited old value of 81.0 in profile with min_bg=101
edited old value of 99.0 in profile with max_bg=101
#rofile is an unrecognised array/json/keywordnot actioned: [#rofile], [target_bg], [int((profile['min_bg'] + profile['max_bg'])/2]
appended new entry to profile with tempTargetset=True
edited old value of False in profile with temptargetSet=True
edited old value of True in profile with allowSMB_with_high_temptarget=False

loop execution in row=23640 of logfile /mnt/831eaeed-366e-4227-8611-577411edb9ca/Dries/backup/APS-what-if/software/aapsLogs/AndroidAPS._2025-12-28_05.log.zip at= 2025-12-28T04:53:36.691Z
edited old value of True in profile with enable_autoISF=False
edited old value of 0.6 in profile with smb_delivery_ratio=0.5
edited old value of 81.0 in profile with min_bg=101
edited old value of 99.0 in profile with max_bg=101
#rofile is an unrecognised array/json/keywordnot actioned: [#rofile], [target_bg], [int((profile['min_bg'] + profile['max_bg'])/2]
appended new entry to profile with tempTargetset=True
edited old value of False in profile with temptargetSet=True
edited old value of True in profile with allowSMB_with_high_temptarget=False

loop execution in row=23877 of logfile /mnt/831eaeed-366e-4227-8611-577411edb9ca/Dries/backup/APS-what-if/software/aapsLogs/AndroidAPS._2025-12-28_05.log.zip at= 2025-12-28T04:54:37.024Z
edited old value of True in profile with enable_autoISF=False
edited old value of 0.6 in profile with smb_delivery_ratio=0.5
edited old value of 81.0 in profile with min_bg=101
edited old value of 99.0 in profile with max_bg=101
#rofile is an unrecognised array/json/keywordnot actioned: [#rofile], [target_bg], [int((profile['min_bg'] + profile['max_bg'])/2]
appended new entry to profile with tempTargetset=True
edited old value of False in profile with temptargetSet=True
edited old value of True in profile with allowSMB_with_high_temptarget=False

loop execution in row=24250 of logfile /mnt/831eaeed-366e-4227-8611-577411edb9ca/Dries/backup/APS-what-if/software/aapsLogs/AndroidAPS._2025-12-28_05.log.zip at= 2025-12-28T04:55:38.036Z
edited old value of True in profile with enable_autoISF=False
edited old value of 0.6 in profile with smb_delivery_ratio=0.5
edited old value of 81.0 in profile with min_bg=101
edited old value of 99.0 in profile with max_bg=101
#rofile is an unrecognised array/json/keywordnot actioned: [#rofile], [target_bg], [int((profile['min_bg'] + profile['max_bg'])/2]
appended new entry to profile with tempTargetset=True
edited old value of False in profile with temptargetSet=True
edited old value of True in profile with allowSMB_with_high_temptarget=False

loop execution in row=24439 of logfile /mnt/831eaeed-366e-4227-8611-577411edb9ca/Dries/backup/APS-what-if/software/aapsLogs/AndroidAPS._2025-12-28_05.log.zip at= 2025-12-28T04:56:38.198Z
edited old value of True in profile with enable_autoISF=False
edited old value of 0.6 in profile with smb_delivery_ratio=0.5
edited old value of 81.0 in profile with min_bg=101
edited old value of 99.0 in profile with max_bg=101
#rofile is an unrecognised array/json/keywordnot actioned: [#rofile], [target_bg], [int((profile['min_bg'] + profile['max_bg'])/2]
appended new entry to profile with tempTargetset=True
edited old value of False in profile with temptargetSet=True
edited old value of True in profile with allowSMB_with_high_temptarget=False

loop execution in row=24702 of logfile /mnt/831eaeed-366e-4227-8611-577411edb9ca/Dries/backup/APS-what-if/software/aapsLogs/AndroidAPS._2025-12-28_05.log.zip at= 2025-12-28T04:57:38.714Z
edited old value of True in profile with enable_autoISF=False
edited old value of 0.6 in profile with smb_delivery_ratio=0.5
edited old value of 81.0 in profile with min_bg=101
edited old value of 99.0 in profile with max_bg=101
#rofile is an unrecognised array/json/keywordnot actioned: [#rofile], [target_bg], [int((profile['min_bg'] + profile['max_bg'])/2]
appended new entry to profile with tempTargetset=True
edited old value of False in profile with temptargetSet=True
edited old value of True in profile with allowSMB_with_high_temptarget=False

loop execution in row=24892 of logfile /mnt/831eaeed-366e-4227-8611-577411edb9ca/Dries/backup/APS-what-if/software/aapsLogs/AndroidAPS._2025-12-28_05.log.zip at= 2025-12-28T04:58:37.035Z
edited old value of True in profile with enable_autoISF=False
edited old value of 0.6 in profile with smb_delivery_ratio=0.5
edited old value of 81.0 in profile with min_bg=101
edited old value of 99.0 in profile with max_bg=101
#rofile is an unrecognised array/json/keywordnot actioned: [#rofile], [target_bg], [int((profile['min_bg'] + profile['max_bg'])/2]
appended new entry to profile with tempTargetset=True
edited old value of False in profile with temptargetSet=True
edited old value of True in profile with allowSMB_with_high_temptarget=False

loop execution in row=25100 of logfile /mnt/831eaeed-366e-4227-8611-577411edb9ca/Dries/backup/APS-what-if/software/aapsLogs/AndroidAPS._2025-12-28_05.log.zip at= 2025-12-28T04:59:37.424Z
edited old value of True in profile with enable_autoISF=False
edited old value of 0.6 in profile with smb_delivery_ratio=0.5
edited old value of 81.0 in profile with min_bg=101
edited old value of 99.0 in profile with max_bg=101
#rofile is an unrecognised array/json/keywordnot actioned: [#rofile], [target_bg], [int((profile['min_bg'] + profile['max_bg'])/2]
appended new entry to profile with tempTargetset=True
edited old value of False in profile with temptargetSet=True
edited old value of True in profile with allowSMB_with_high_temptarget=False
END
